crates/slingshot-agent-connection/src/artifact_download.rs	79	fallible-interface-omits-its-failure-section	decode_artifact_unavailable
crates/slingshot-agent-connection/src/artifact_download.rs	79	function-branches-too-many-ways	decode_artifact_unavailable reaches 14
crates/slingshot-agent-connection/src/artifact_download.rs	90	numeric-value-carries-no-name	128
crates/slingshot-agent-connection/src/artifact_download.rs	92	numeric-value-carries-no-name	64
crates/slingshot-agent-connection/src/artifact_download.rs	225	fallible-interface-omits-its-failure-section	artifact_route
crates/slingshot-agent-connection/src/authentication/access_token_cache.rs	47	numeric-value-carries-no-name	32
crates/slingshot-agent-connection/src/authentication/access_token_cache.rs	52	numeric-value-carries-no-name	32
crates/slingshot-agent-connection/src/authentication/access_token_cache.rs	57	numeric-value-carries-no-name	32
crates/slingshot-agent-connection/src/authentication/access_token_cache.rs	58	numeric-value-carries-no-name	32
crates/slingshot-agent-connection/src/authentication/access_token_cache.rs	76	declared-name-is-not-spelled-in-full	fmt
crates/slingshot-agent-connection/src/authentication/access_token_cache.rs	82	declared-name-is-not-spelled-in-full	fmt
crates/slingshot-agent-connection/src/authentication/access_token_cache.rs	115	declared-name-is-not-spelled-in-full	fmt
crates/slingshot-agent-connection/src/authentication/access_token_cache.rs	128	numeric-value-carries-no-name	32
crates/slingshot-agent-connection/src/authentication/async_access_token_cache.rs	34	declared-name-is-not-spelled-in-full	f
crates/slingshot-agent-connection/src/authentication/async_access_token_cache.rs	34	declared-name-is-not-spelled-in-full	fmt
crates/slingshot-agent-connection/src/authentication/async_access_token_cache.rs	57	declared-name-is-not-spelled-in-full	f
crates/slingshot-agent-connection/src/authentication/async_access_token_cache.rs	57	declared-name-is-not-spelled-in-full	fmt
crates/slingshot-agent-connection/src/authentication/async_access_token_cache.rs	64	fallible-interface-omits-its-failure-section	new
crates/slingshot-agent-connection/src/authentication/async_access_token_cache.rs	70	fallible-interface-omits-its-failure-section	with_identity_factory
crates/slingshot-agent-connection/src/authentication/async_access_token_cache.rs	71	numeric-value-carries-no-name	32
crates/slingshot-agent-connection/src/authentication/async_access_token_cache.rs	81	declared-name-is-not-spelled-in-full	T
crates/slingshot-agent-connection/src/authentication/async_access_token_cache.rs	81	fallible-interface-omits-its-failure-section	token
crates/slingshot-agent-connection/src/authentication/async_access_token_cache.rs	92	declared-name-is-not-spelled-in-full	T
crates/slingshot-agent-connection/src/authentication/async_access_token_cache.rs	92	fallible-interface-omits-its-failure-section	refresh_after_unauthorized
crates/slingshot-agent-connection/src/authentication/async_access_token_cache.rs	107	declared-name-is-not-spelled-in-full	T
crates/slingshot-agent-connection/src/authentication/async_access_token_cache.rs	123	numeric-value-carries-no-name	1_000_000
crates/slingshot-agent-connection/src/authentication/async_access_token_cache.rs	159	numeric-value-carries-no-name	1_000_000
crates/slingshot-agent-connection/src/authentication/async_access_token_cache.rs	193	declared-name-is-not-spelled-in-full	a
crates/slingshot-agent-connection/src/authentication/async_access_token_cache.rs	194	declared-name-is-not-spelled-in-full	a
crates/slingshot-agent-connection/src/authentication/async_access_token_cache.rs	247	numeric-value-carries-no-name	32
crates/slingshot-agent-connection/src/authentication/async_access_token_cache.rs	247	numeric-value-carries-no-name	7
crates/slingshot-agent-connection/src/authentication/async_access_token_cache.rs	248	numeric-value-carries-no-name	32
crates/slingshot-agent-connection/src/authentication/async_access_token_cache.rs	248	numeric-value-carries-no-name	7
crates/slingshot-agent-connection/src/authentication/async_identity_management_exchange.rs	21	declared-name-is-not-spelled-in-full	f
crates/slingshot-agent-connection/src/authentication/async_identity_management_exchange.rs	21	declared-name-is-not-spelled-in-full	fmt
crates/slingshot-agent-connection/src/authentication/async_identity_management_exchange.rs	41	declared-name-is-not-spelled-in-full	a
crates/slingshot-agent-connection/src/authentication/async_identity_management_exchange.rs	42	declared-name-is-not-spelled-in-full	a
crates/slingshot-agent-connection/src/authentication/async_identity_management_exchange.rs	43	declared-name-is-not-spelled-in-full	a
crates/slingshot-agent-connection/src/authentication/async_identity_management_exchange.rs	44	declared-name-is-not-spelled-in-full	a
crates/slingshot-agent-connection/src/authentication/async_identity_management_exchange.rs	45	declared-name-is-not-spelled-in-full	a
crates/slingshot-agent-connection/src/authentication/async_identity_management_exchange.rs	60	declared-name-is-not-spelled-in-full	f
crates/slingshot-agent-connection/src/authentication/async_identity_management_exchange.rs	60	declared-name-is-not-spelled-in-full	fmt
crates/slingshot-agent-connection/src/authentication/environment_provider.rs	188	fallible-interface-omits-its-failure-section	require_target
crates/slingshot-agent-connection/src/authentication/environment_provider.rs	201	fallible-interface-omits-its-failure-section	require_execution
crates/slingshot-agent-connection/src/authentication/environment_provider.rs	373	fallible-interface-omits-its-failure-section	require_execution
crates/slingshot-agent-connection/src/authentication/environment_provider/async_provider.rs	21	declared-name-is-not-spelled-in-full	f
crates/slingshot-agent-connection/src/authentication/environment_provider/async_provider.rs	21	declared-name-is-not-spelled-in-full	fmt
crates/slingshot-agent-connection/src/authentication/environment_provider/async_provider.rs	36	fallible-interface-omits-its-failure-section	new_async_test_socket
crates/slingshot-agent-connection/src/authentication/environment_provider/async_provider.rs	52	fallible-interface-omits-its-failure-section	new_async
crates/slingshot-agent-connection/src/authentication/environment_provider/async_provider.rs	61	fallible-interface-omits-its-failure-section	new_async_with_identity_factory
crates/slingshot-agent-connection/src/authentication/environment_provider/async_provider.rs	63	numeric-value-carries-no-name	32
crates/slingshot-agent-connection/src/authentication/environment_provider/async_provider.rs	82	fallible-interface-omits-its-failure-section	authenticate
crates/slingshot-agent-connection/src/authentication/environment_provider/async_provider.rs	108	fallible-interface-omits-its-failure-section	refresh_after_unauthorized
crates/slingshot-agent-connection/src/authentication/environment_provider/async_provider.rs	129	fallible-interface-omits-its-failure-section	authenticate_with_source
crates/slingshot-agent-connection/src/authentication/environment_provider/async_provider.rs	151	fallible-interface-omits-its-failure-section	refresh_with_source
crates/slingshot-agent-connection/src/authentication/identity_management_client.rs	27	declared-name-is-not-spelled-in-full	f
crates/slingshot-agent-connection/src/authentication/identity_management_client.rs	27	declared-name-is-not-spelled-in-full	fmt
crates/slingshot-agent-connection/src/authentication/identity_management_client.rs	33	fallible-interface-omits-its-failure-section	new
crates/slingshot-agent-connection/src/authentication/identity_management_client.rs	47	declared-name-is-not-spelled-in-full	a
crates/slingshot-agent-connection/src/authentication/identity_management_client.rs	48	declared-name-is-not-spelled-in-full	a
crates/slingshot-agent-connection/src/authentication/identity_management_client.rs	49	declared-name-is-not-spelled-in-full	a
crates/slingshot-agent-connection/src/authentication/identity_management_client.rs	50	declared-name-is-not-spelled-in-full	a
crates/slingshot-agent-connection/src/authentication/identity_management_client.rs	51	declared-name-is-not-spelled-in-full	a
crates/slingshot-agent-connection/src/authentication/identity_management_client.rs	115	declared-name-is-not-spelled-in-full	T
crates/slingshot-agent-connection/src/authentication/identity_management_client.rs	138	declared-name-is-not-spelled-in-full	a
crates/slingshot-agent-connection/src/authentication/identity_management_client_token_tests.rs	22	declared-name-is-not-spelled-in-full	a
crates/slingshot-agent-connection/src/authentication/identity_management_client_token_tests.rs	23	declared-name-is-not-spelled-in-full	a
crates/slingshot-agent-connection/src/authentication/identity_management_client_token_tests.rs	24	declared-name-is-not-spelled-in-full	a
crates/slingshot-agent-connection/src/authentication/identity_management_client_token_tests.rs	25	declared-name-is-not-spelled-in-full	a
crates/slingshot-agent-connection/src/authentication/identity_management_client_token_tests.rs	26	declared-name-is-not-spelled-in-full	a
crates/slingshot-agent-connection/src/authentication/identity_management_client_token_tests.rs	76	numeric-value-carries-no-name	24
crates/slingshot-agent-connection/src/authentication/identity_management_client_token_tests.rs	80	numeric-value-carries-no-name	4
crates/slingshot-agent-connection/src/authentication/identity_management_client_token_tests.rs	81	numeric-value-carries-no-name	4
crates/slingshot-agent-connection/src/authentication/identity_management_client_token_tests.rs	145	numeric-value-carries-no-name	4
crates/slingshot-agent-connection/src/authentication/identity_management_client_token_tests.rs	147	numeric-value-carries-no-name	7
crates/slingshot-agent-connection/src/authentication/identity_management_client_token_tests.rs	173	declared-name-is-not-spelled-in-full	b
crates/slingshot-agent-connection/src/authentication/identity_management_client_token_tests.rs	179	declared-name-is-not-spelled-in-full	b
crates/slingshot-agent-connection/src/authentication/identity_management_client_token_tests.rs	198	numeric-value-carries-no-name	2
crates/slingshot-agent-connection/src/authentication/identity_management_client_token_tests.rs	205	numeric-value-carries-no-name	10
crates/slingshot-agent-connection/src/authentication/identity_management_client_token_tests.rs	251	declared-name-is-not-spelled-in-full	b
crates/slingshot-agent-connection/src/authentication/identity_management_client_token_tests.rs	258	numeric-value-carries-no-name	3
crates/slingshot-agent-connection/src/authentication/identity_management_client_token_tests.rs	262	numeric-value-carries-no-name	2
crates/slingshot-agent-connection/src/authentication/identity_management_client_token_tests.rs	271	numeric-value-carries-no-name	10
crates/slingshot-agent-connection/src/authentication/identity_management_client_wire_tests.rs	48	declared-name-is-not-spelled-in-full	config
crates/slingshot-agent-connection/src/authentication/identity_management_client_wire_tests.rs	69	declared-name-is-not-spelled-in-full	p
crates/slingshot-agent-connection/src/authentication/identity_management_client_wire_tests.rs	75	numeric-value-carries-no-name	100
crates/slingshot-agent-connection/src/authentication/identity_management_client_wire_tests.rs	83	numeric-value-carries-no-name	9
crates/slingshot-agent-connection/src/authentication/identity_management_client_wire_tests.rs	86	numeric-value-carries-no-name	256
crates/slingshot-agent-connection/src/authentication/identity_management_client_wire_tests.rs	86	numeric-value-carries-no-name	65536
crates/slingshot-agent-connection/src/authentication/identity_management_client_wire_tests.rs	112	numeric-value-carries-no-name	24
crates/slingshot-agent-connection/src/authentication/identity_management_client_wire_tests.rs	116	numeric-value-carries-no-name	4
crates/slingshot-agent-connection/src/authentication/identity_management_client_wire_tests.rs	117	numeric-value-carries-no-name	4
crates/slingshot-agent-connection/src/authentication/identity_management_client_wire_tests.rs	133	numeric-value-carries-no-name	4
crates/slingshot-agent-connection/src/authentication/identity_management_client_wire_tests.rs	135	numeric-value-carries-no-name	7
crates/slingshot-agent-connection/src/authentication/identity_management_client_wire_tests.rs	153	numeric-value-carries-no-name	5
crates/slingshot-agent-connection/src/authentication/identity_management_client_wire_tests.rs	189	numeric-value-carries-no-name	5
crates/slingshot-agent-connection/src/authentication/identity_management_client_wire_tests.rs	254	numeric-value-carries-no-name	5
crates/slingshot-agent-connection/src/authentication/identity_management_connector_tests.rs	46	declared-name-is-not-spelled-in-full	config
crates/slingshot-agent-connection/src/authentication/identity_management_connector_tests.rs	83	numeric-value-carries-no-name	3
crates/slingshot-agent-connection/src/authentication/identity_management_connector_tests.rs	115	numeric-value-carries-no-name	5
crates/slingshot-agent-connection/src/authentication/identity_management_connector_tests.rs	137	numeric-value-carries-no-name	30
crates/slingshot-agent-connection/src/authentication/identity_management_connector_tests.rs	139	numeric-value-carries-no-name	8192
crates/slingshot-agent-connection/src/authentication/identity_management_exchange.rs	109	declared-name-is-not-spelled-in-full	f
crates/slingshot-agent-connection/src/authentication/identity_management_exchange.rs	109	declared-name-is-not-spelled-in-full	fmt
crates/slingshot-agent-connection/src/authentication/identity_management_exchange.rs	259	numeric-value-carries-no-name	3
crates/slingshot-agent-connection/src/authentication/identity_management_http1_tests.rs	7	numeric-value-carries-no-name	1000
crates/slingshot-agent-connection/src/authentication/identity_management_http1_tests.rs	12	numeric-value-carries-no-name	4096
crates/slingshot-agent-connection/src/authentication/identity_management_http1_tests.rs	27	numeric-value-carries-no-name	14
crates/slingshot-agent-connection/src/authentication/identity_management_http1_tests.rs	147	numeric-value-carries-no-name	4096
crates/slingshot-agent-connection/src/authentication/identity_management_http1_tests.rs	149	numeric-value-carries-no-name	4096
crates/slingshot-agent-connection/src/authentication/identity_management_http1_tests.rs	151	numeric-value-carries-no-name	1000
crates/slingshot-agent-connection/src/authentication/identity_management_http1_tests.rs	159	numeric-value-carries-no-name	1000
crates/slingshot-agent-connection/src/authentication/identity_management_http1_tests.rs	173	numeric-value-carries-no-name	4096
crates/slingshot-agent-connection/src/authentication/identity_management_http1_tests.rs	202	numeric-value-carries-no-name	16
crates/slingshot-agent-connection/src/authentication/identity_management_http2_headers.rs	21	declared-name-is-not-spelled-in-full	f
crates/slingshot-agent-connection/src/authentication/identity_management_http2_headers.rs	21	declared-name-is-not-spelled-in-full	fmt
crates/slingshot-agent-connection/src/authentication/identity_management_http2_headers.rs	44	declared-name-is-not-spelled-in-full	f
crates/slingshot-agent-connection/src/authentication/identity_management_http2_headers.rs	44	declared-name-is-not-spelled-in-full	fmt
crates/slingshot-agent-connection/src/authentication/identity_management_http2_headers.rs	110	function-branches-too-many-ways	name_byte reaches 18
crates/slingshot-agent-connection/src/authentication/identity_management_http2_headers.rs	169	numeric-value-carries-no-name	127
crates/slingshot-agent-connection/src/authentication/identity_management_http2_headers.rs	169	numeric-value-carries-no-name	32
crates/slingshot-agent-connection/src/authentication/identity_management_http2_headers.rs	173	numeric-value-carries-no-name	3
crates/slingshot-agent-connection/src/authentication/identity_management_http2_headers.rs	194	numeric-value-carries-no-name	3
crates/slingshot-agent-connection/src/authentication/identity_management_http2_headers.rs	197	numeric-value-carries-no-name	100
crates/slingshot-agent-connection/src/authentication/identity_management_http2_headers.rs	198	numeric-value-carries-no-name	10
crates/slingshot-agent-connection/src/authentication/identity_management_http2_headers.rs	200	numeric-value-carries-no-name	100
crates/slingshot-agent-connection/src/authentication/identity_management_http2_headers.rs	200	numeric-value-carries-no-name	600
crates/slingshot-agent-connection/src/authentication/identity_management_http2_headers_tests.rs	44	numeric-value-carries-no-name	6
crates/slingshot-agent-connection/src/authentication/identity_management_http2_headers_tests.rs	49	numeric-value-carries-no-name	127
crates/slingshot-agent-connection/src/authentication/identity_management_http2_headers_tests.rs	57	numeric-value-carries-no-name	6
crates/slingshot-agent-connection/src/authentication/identity_management_http2_headers_tests.rs	68	numeric-value-carries-no-name	10
crates/slingshot-agent-connection/src/authentication/identity_management_http2_headers_tests.rs	68	numeric-value-carries-no-name	2
crates/slingshot-agent-connection/src/authentication/identity_management_http2_headers_tests.rs	76	numeric-value-carries-no-name	2
crates/slingshot-agent-connection/src/authentication/identity_management_http2_headers_tests.rs	76	numeric-value-carries-no-name	6
crates/slingshot-agent-connection/src/authentication/identity_management_http2_headers_tests.rs	107	numeric-value-carries-no-name	1024
crates/slingshot-agent-connection/src/authentication/identity_management_http2_headers_tests.rs	120	numeric-value-carries-no-name	1024
crates/slingshot-agent-connection/src/authentication/identity_management_http2_headers_tests.rs	140	numeric-value-carries-no-name	1024
crates/slingshot-agent-connection/src/authentication/identity_management_http2_headers_tests.rs	141	numeric-value-carries-no-name	29
crates/slingshot-agent-connection/src/authentication/identity_management_http2_headers_tests.rs	165	numeric-value-carries-no-name	100
crates/slingshot-agent-connection/src/authentication/identity_management_http2_headers_tests.rs	174	numeric-value-carries-no-name	1024
crates/slingshot-agent-connection/src/authentication/identity_management_http2_response_tests.rs	24	numeric-value-carries-no-name	0x40
crates/slingshot-agent-connection/src/authentication/identity_management_http2_response_tests.rs	31	numeric-value-carries-no-name	4
crates/slingshot-agent-connection/src/authentication/identity_management_http2_response_tests.rs	40	numeric-value-carries-no-name	4
crates/slingshot-agent-connection/src/authentication/identity_management_http2_response_tests.rs	64	numeric-value-carries-no-name	127
crates/slingshot-agent-connection/src/authentication/identity_management_http2_response_tests.rs	65	numeric-value-carries-no-name	127
crates/slingshot-agent-connection/src/authentication/identity_management_http2_response_tests.rs	66	numeric-value-carries-no-name	128
crates/slingshot-agent-connection/src/authentication/identity_management_http2_response_tests.rs	67	numeric-value-carries-no-name	127
crates/slingshot-agent-connection/src/authentication/identity_management_http2_response_tests.rs	67	numeric-value-carries-no-name	128
crates/slingshot-agent-connection/src/authentication/identity_management_http2_response_tests.rs	68	numeric-value-carries-no-name	7
crates/slingshot-agent-connection/src/authentication/identity_management_http2_response_tests.rs	83	numeric-value-carries-no-name	200
crates/slingshot-agent-connection/src/authentication/identity_management_http2_response_tests.rs	98	numeric-value-carries-no-name	4
crates/slingshot-agent-connection/src/authentication/identity_management_http2_response_tests.rs	103	numeric-value-carries-no-name	9
crates/slingshot-agent-connection/src/authentication/identity_management_http2_response_tests.rs	145	numeric-value-carries-no-name	200
crates/slingshot-agent-connection/src/authentication/identity_management_http2_response_tests.rs	167	numeric-value-carries-no-name	16_384
crates/slingshot-agent-connection/src/authentication/identity_management_http2_response_tests.rs	183	numeric-value-carries-no-name	100
crates/slingshot-agent-connection/src/authentication/identity_management_http2_response_tests.rs	184	numeric-value-carries-no-name	4
crates/slingshot-agent-connection/src/authentication/identity_management_http2_response_tests.rs	185	numeric-value-carries-no-name	4
crates/slingshot-agent-connection/src/authentication/identity_management_http2_response_tests.rs	189	numeric-value-carries-no-name	4
crates/slingshot-agent-connection/src/authentication/identity_management_http2_response_tests.rs	190	numeric-value-carries-no-name	4
crates/slingshot-agent-connection/src/authentication/identity_management_http2_response_tests.rs	200	numeric-value-carries-no-name	302
crates/slingshot-agent-connection/src/authentication/identity_management_http2_response_tests.rs	200	numeric-value-carries-no-name	4
crates/slingshot-agent-connection/src/authentication/identity_management_http2_response_tests.rs	214	numeric-value-carries-no-name	302
crates/slingshot-agent-connection/src/authentication/identity_management_http2_response_tests.rs	215	numeric-value-carries-no-name	0xbe
crates/slingshot-agent-connection/src/authentication/identity_management_http2_tests.rs	11	numeric-value-carries-no-name	100
crates/slingshot-agent-connection/src/authentication/identity_management_http2_tests.rs	19	numeric-value-carries-no-name	4
crates/slingshot-agent-connection/src/authentication/identity_management_http2_tests.rs	25	numeric-value-carries-no-name	256
crates/slingshot-agent-connection/src/authentication/identity_management_http2_tests.rs	28	numeric-value-carries-no-name	7
crates/slingshot-agent-connection/src/authentication/identity_management_http2_tests.rs	42	numeric-value-carries-no-name	20_000_u32
crates/slingshot-agent-connection/src/authentication/identity_management_http2_tests.rs	42	numeric-value-carries-no-name	8
crates/slingshot-agent-connection/src/authentication/identity_management_http2_tests.rs	65	numeric-value-carries-no-name	256
crates/slingshot-agent-connection/src/authentication/identity_management_http2_tests.rs	87	numeric-value-carries-no-name	4096
crates/slingshot-agent-connection/src/authentication/identity_management_http2_tests.rs	90	numeric-value-carries-no-name	65535
crates/slingshot-agent-connection/src/authentication/identity_management_http2_tests.rs	109	numeric-value-carries-no-name	4096
crates/slingshot-agent-connection/src/authentication/identity_management_http2_tests.rs	111	numeric-value-carries-no-name	65535
crates/slingshot-agent-connection/src/authentication/identity_management_http2_tests.rs	117	numeric-value-carries-no-name	2
crates/slingshot-agent-connection/src/authentication/identity_management_http2_tests.rs	119	numeric-value-carries-no-name	6
crates/slingshot-agent-connection/src/authentication/identity_management_http2_tests.rs	119	numeric-value-carries-no-name	8
crates/slingshot-agent-connection/src/authentication/identity_management_http2_tests.rs	136	numeric-value-carries-no-name	4096
crates/slingshot-agent-connection/src/authentication/identity_management_http2_tests.rs	138	numeric-value-carries-no-name	65535
crates/slingshot-agent-connection/src/authentication/identity_management_http2_tests.rs	153	numeric-value-carries-no-name	4096
crates/slingshot-agent-connection/src/authentication/identity_management_http2_tests.rs	156	numeric-value-carries-no-name	65535
crates/slingshot-agent-connection/src/authentication/identity_management_provider_tests.rs	35	declared-name-is-not-spelled-in-full	b
crates/slingshot-agent-connection/src/authentication/identity_management_provider_tests.rs	37	declared-name-is-not-spelled-in-full	b
crates/slingshot-agent-connection/src/authentication/identity_management_provider_tests.rs	41	declared-name-is-not-spelled-in-full	b
crates/slingshot-agent-connection/src/authentication/identity_management_provider_tests.rs	86	declared-name-is-not-spelled-in-full	s
crates/slingshot-agent-connection/src/authentication/identity_management_provider_tests.rs	154	declared-name-is-not-spelled-in-full	b
crates/slingshot-agent-connection/src/authentication/identity_management_provider_tests.rs	160	declared-name-is-not-spelled-in-full	b
crates/slingshot-agent-connection/src/authentication/identity_management_provider_tests.rs	180	numeric-value-carries-no-name	2
crates/slingshot-agent-connection/src/authentication/identity_management_provider_tests.rs	187	numeric-value-carries-no-name	10
crates/slingshot-agent-connection/src/authentication/identity_management_provider_tests.rs	215	numeric-value-carries-no-name	10
crates/slingshot-agent-connection/src/authentication/identity_management_provider_tests.rs	267	declared-name-is-not-spelled-in-full	b
crates/slingshot-agent-connection/src/authentication/identity_management_provider_tests.rs	272	numeric-value-carries-no-name	3
crates/slingshot-agent-connection/src/authentication/identity_management_provider_tests.rs	276	numeric-value-carries-no-name	2
crates/slingshot-agent-connection/src/authentication/identity_management_provider_tests.rs	285	numeric-value-carries-no-name	10
crates/slingshot-agent-connection/src/author_cross_site_request_forgery_protection.rs	87	declared-name-is-not-spelled-in-full	fmt
crates/slingshot-agent-connection/src/capability_discovery.rs	284	fallible-interface-omits-its-failure-section	decode_capabilities
crates/slingshot-agent-connection/src/capability_discovery.rs	284	function-branches-too-many-ways	decode_capabilities reaches 15
crates/slingshot-agent-connection/src/capability_discovery.rs	304	numeric-value-carries-no-name	64
crates/slingshot-agent-connection/src/capability_discovery.rs	308	numeric-value-carries-no-name	96
crates/slingshot-agent-connection/src/capability_discovery.rs	309	numeric-value-carries-no-name	64
crates/slingshot-agent-connection/src/capability_discovery.rs	341	fallible-interface-omits-its-failure-section	discover_capabilities
crates/slingshot-agent-connection/src/capability_discovery.rs	360	fallible-interface-omits-its-failure-section	discover_capabilities_http2
crates/slingshot-agent-connection/src/capability_discovery.rs	379	fallible-interface-omits-its-failure-section	discover_capabilities_negotiated
crates/slingshot-agent-connection/src/capability_discovery.rs	399	fallible-interface-omits-its-failure-section	discover_capabilities_authenticated
crates/slingshot-agent-connection/src/capability_discovery.rs	431	fallible-interface-omits-its-failure-section	discover_capabilities_authenticated_async
crates/slingshot-agent-connection/src/capability_discovery.rs	520	numeric-value-carries-no-name	200
crates/slingshot-agent-connection/src/connection_phase.rs	5	declared-name-is-not-spelled-in-full	E
crates/slingshot-agent-connection/src/connection_phase.rs	5	declared-name-is-not-spelled-in-full	T
crates/slingshot-agent-connection/src/connection_phase.rs	24	declared-name-is-not-spelled-in-full	a
crates/slingshot-agent-connection/src/connection_phase.rs	36	numeric-value-carries-no-name	10
crates/slingshot-agent-connection/src/event_stream_reconnection.rs	443	fallible-interface-omits-its-failure-section	require_validated_reset
crates/slingshot-agent-connection/src/event_stream_reset.rs	20	declared-name-is-not-spelled-in-full	a
crates/slingshot-agent-connection/src/event_stream_reset.rs	24	declared-name-is-not-spelled-in-full	a
crates/slingshot-agent-connection/src/event_stream_reset.rs	28	declared-name-is-not-spelled-in-full	a
crates/slingshot-agent-connection/src/event_stream_reset.rs	42	declared-name-is-not-spelled-in-full	f
crates/slingshot-agent-connection/src/event_stream_reset.rs	42	declared-name-is-not-spelled-in-full	fmt
crates/slingshot-agent-connection/src/event_stream_reset.rs	88	fallible-interface-omits-its-failure-section	decode_event_reset
crates/slingshot-agent-connection/src/event_stream_reset.rs	88	function-branches-too-many-ways	decode_event_reset reaches 21
crates/slingshot-agent-connection/src/event_stream_reset.rs	124	numeric-value-carries-no-name	409
crates/slingshot-agent-connection/src/event_stream_reset.rs	126	numeric-value-carries-no-name	410
crates/slingshot-agent-connection/src/event_stream_reset.rs	149	declared-name-is-not-spelled-in-full	b
crates/slingshot-agent-connection/src/event_stream_reset.rs	150	declared-name-is-not-spelled-in-full	b
crates/slingshot-agent-connection/src/job_snapshot_reconciliation.rs	107	declared-name-is-not-spelled-in-full	fmt
crates/slingshot-agent-connection/src/job_snapshot_reconciliation.rs	249	fallible-interface-omits-its-failure-section	decode_snapshot
crates/slingshot-agent-connection/src/job_snapshot_reconciliation.rs	249	function-branches-too-many-ways	decode_snapshot reaches 35
crates/slingshot-agent-connection/src/job_snapshot_reconciliation.rs	268	declared-name-is-not-spelled-in-full	b
crates/slingshot-agent-connection/src/job_snapshot_reconciliation.rs	268	numeric-value-carries-no-name	64
crates/slingshot-agent-connection/src/job_snapshot_reconciliation.rs	284	numeric-value-carries-no-name	2
crates/slingshot-agent-connection/src/physical_job_missing.rs	13	declared-name-is-not-spelled-in-full	fmt
crates/slingshot-agent-connection/src/physical_job_missing.rs	34	fallible-interface-omits-its-failure-section	decode_physical_job_missing
crates/slingshot-agent-connection/src/physical_job_missing.rs	34	function-branches-too-many-ways	decode_physical_job_missing reaches 11
crates/slingshot-agent-connection/src/physical_job_missing.rs	43	numeric-value-carries-no-name	404
crates/slingshot-agent-connection/src/selected_author_exchange.rs	41	declared-name-is-not-spelled-in-full	fmt
crates/slingshot-agent-connection/src/selected_author_exchange.rs	65	declared-name-is-not-spelled-in-full	fmt
crates/slingshot-agent-connection/src/selected_author_exchange.rs	119	fallible-interface-omits-its-failure-section	validate_collected_finite_response
crates/slingshot-agent-connection/src/selected_author_exchange.rs	158	numeric-value-carries-no-name	200
crates/slingshot-agent-connection/src/selected_author_exchange.rs	158	numeric-value-carries-no-name	600
crates/slingshot-agent-connection/src/selected_author_hpack_block.rs	94	declared-name-is-not-spelled-in-full	fmt
crates/slingshot-agent-connection/src/selected_author_hpack_block.rs	139	fallible-interface-omits-its-failure-section	push
crates/slingshot-agent-connection/src/selected_author_hpack_block.rs	148	declared-name-is-not-spelled-in-full	n
crates/slingshot-agent-connection/src/selected_author_hpack_block.rs	161	function-branches-too-many-ways	step reaches 18
crates/slingshot-agent-connection/src/selected_author_hpack_block.rs	164	numeric-value-carries-no-name	0x80
crates/slingshot-agent-connection/src/selected_author_hpack_block.rs	165	numeric-value-carries-no-name	32
crates/slingshot-agent-connection/src/selected_author_hpack_block.rs	165	numeric-value-carries-no-name	61
crates/slingshot-agent-connection/src/selected_author_hpack_block.rs	165	numeric-value-carries-no-name	7
crates/slingshot-agent-connection/src/selected_author_hpack_block.rs	166	numeric-value-carries-no-name	0x20
crates/slingshot-agent-connection/src/selected_author_hpack_block.rs	166	numeric-value-carries-no-name	0xe0
crates/slingshot-agent-connection/src/selected_author_hpack_block.rs	170	numeric-value-carries-no-name	5
crates/slingshot-agent-connection/src/selected_author_hpack_block.rs	172	numeric-value-carries-no-name	0x40
crates/slingshot-agent-connection/src/selected_author_hpack_block.rs	174	numeric-value-carries-no-name	4
crates/slingshot-agent-connection/src/selected_author_hpack_block.rs	174	numeric-value-carries-no-name	6
crates/slingshot-agent-connection/src/selected_author_hpack_block.rs	176	numeric-value-carries-no-name	32
crates/slingshot-agent-connection/src/selected_author_hpack_block.rs	176	numeric-value-carries-no-name	61
crates/slingshot-agent-connection/src/selected_author_hpack_block.rs	323	fallible-interface-omits-its-failure-section	finish
crates/slingshot-agent-connection/src/selected_author_hpack_block.rs	333	fallible-interface-omits-its-failure-section	finish_with_next_reader
crates/slingshot-agent-connection/src/selected_author_hpack_block.rs	357	numeric-value-carries-no-name	32
crates/slingshot-agent-connection/src/selected_author_hpack_block.rs	377	numeric-value-carries-no-name	0x40
crates/slingshot-agent-connection/src/selected_author_hpack_block.rs	378	numeric-value-carries-no-name	0xbe
crates/slingshot-agent-connection/src/selected_author_hpack_block.rs	378	numeric-value-carries-no-name	2
crates/slingshot-agent-connection/src/selected_author_hpack_block.rs	399	numeric-value-carries-no-name	4
crates/slingshot-agent-connection/src/selected_author_hpack_block.rs	399	numeric-value-carries-no-name	9
crates/slingshot-agent-connection/src/selected_author_hpack_block.rs	411	numeric-value-carries-no-name	127
crates/slingshot-agent-connection/src/selected_author_hpack_block.rs	414	numeric-value-carries-no-name	127
crates/slingshot-agent-connection/src/selected_author_hpack_block.rs	415	numeric-value-carries-no-name	127
crates/slingshot-agent-connection/src/selected_author_hpack_block.rs	416	numeric-value-carries-no-name	128
crates/slingshot-agent-connection/src/selected_author_hpack_block.rs	417	numeric-value-carries-no-name	127
crates/slingshot-agent-connection/src/selected_author_hpack_block.rs	417	numeric-value-carries-no-name	128
crates/slingshot-agent-connection/src/selected_author_hpack_block.rs	418	numeric-value-carries-no-name	7
crates/slingshot-agent-connection/src/selected_author_hpack_block.rs	434	numeric-value-carries-no-name	0x40
crates/slingshot-agent-connection/src/selected_author_hpack_block.rs	435	numeric-value-carries-no-name	0xbe
crates/slingshot-agent-connection/src/selected_author_hpack_block.rs	438	numeric-value-carries-no-name	0x10
crates/slingshot-agent-connection/src/selected_author_hpack_block.rs	439	numeric-value-carries-no-name	0x5f
crates/slingshot-agent-connection/src/selected_author_hpack_block.rs	479	numeric-value-carries-no-name	0x40
crates/slingshot-agent-connection/src/selected_author_hpack_block.rs	480	numeric-value-carries-no-name	0x40
crates/slingshot-agent-connection/src/selected_author_hpack_block.rs	495	numeric-value-carries-no-name	0x40
crates/slingshot-agent-connection/src/selected_author_hpack_block.rs	555	numeric-value-carries-no-name	0x40
crates/slingshot-agent-connection/src/selected_author_hpack_block.rs	557	numeric-value-carries-no-name	0x40
crates/slingshot-agent-connection/src/selected_author_hpack_huffman.rs	14	numeric-value-carries-no-name	2
crates/slingshot-agent-connection/src/selected_author_hpack_huffman.rs	18	numeric-value-carries-no-name	513
crates/slingshot-agent-connection/src/selected_author_hpack_huffman.rs	19	numeric-value-carries-no-name	2
crates/slingshot-agent-connection/src/selected_author_hpack_huffman.rs	19	numeric-value-carries-no-name	513
crates/slingshot-agent-connection/src/selected_author_hpack_huffman.rs	62	declared-name-is-not-spelled-in-full	fmt
crates/slingshot-agent-connection/src/selected_author_hpack_huffman.rs	82	fallible-interface-omits-its-failure-section	push
crates/slingshot-agent-connection/src/selected_author_hpack_huffman.rs	91	numeric-value-carries-no-name	8
crates/slingshot-agent-connection/src/selected_author_hpack_huffman.rs	100	numeric-value-carries-no-name	256
crates/slingshot-agent-connection/src/selected_author_hpack_huffman.rs	116	fallible-interface-omits-its-failure-section	finish
crates/slingshot-agent-connection/src/selected_author_hpack_huffman.rs	117	numeric-value-carries-no-name	7
crates/slingshot-agent-connection/src/selected_author_hpack_huffman.rs	131	numeric-value-carries-no-name	2
crates/slingshot-agent-connection/src/selected_author_hpack_huffman.rs	132	numeric-value-carries-no-name	16
crates/slingshot-agent-connection/src/selected_author_hpack_huffman.rs	158	numeric-value-carries-no-name	8
crates/slingshot-agent-connection/src/selected_author_hpack_huffman.rs	166	numeric-value-carries-no-name	8
crates/slingshot-agent-connection/src/selected_author_hpack_huffman.rs	186	numeric-value-carries-no-name	255
crates/slingshot-agent-connection/src/selected_author_hpack_huffman.rs	189	numeric-value-carries-no-name	255_u8
crates/slingshot-agent-connection/src/selected_author_hpack_huffman.rs	191	numeric-value-carries-no-name	8
crates/slingshot-agent-connection/src/selected_author_hpack_huffman.rs	203	numeric-value-carries-no-name	3
crates/slingshot-agent-connection/src/selected_author_hpack_huffman.rs	204	numeric-value-carries-no-name	0xff
crates/slingshot-agent-connection/src/selected_author_hpack_integer.rs	21	declared-name-is-not-spelled-in-full	fmt
crates/slingshot-agent-connection/src/selected_author_hpack_integer.rs	29	fallible-interface-omits-its-failure-section	start
crates/slingshot-agent-connection/src/selected_author_hpack_integer.rs	30	numeric-value-carries-no-name	8
crates/slingshot-agent-connection/src/selected_author_hpack_integer.rs	59	fallible-interface-omits-its-failure-section	push
crates/slingshot-agent-connection/src/selected_author_hpack_integer.rs	66	numeric-value-carries-no-name	0x7f
crates/slingshot-agent-connection/src/selected_author_hpack_integer.rs	73	numeric-value-carries-no-name	0x80
crates/slingshot-agent-connection/src/selected_author_hpack_integer.rs	76	numeric-value-carries-no-name	64
crates/slingshot-agent-connection/src/selected_author_hpack_integer.rs	76	numeric-value-carries-no-name	7
crates/slingshot-agent-connection/src/selected_author_hpack_integer.rs	83	fallible-interface-omits-its-failure-section	finish
crates/slingshot-agent-connection/src/selected_author_hpack_integer.rs	99	numeric-value-carries-no-name	128
crates/slingshot-agent-connection/src/selected_author_hpack_integer.rs	100	numeric-value-carries-no-name	0x7f
crates/slingshot-agent-connection/src/selected_author_hpack_integer.rs	100	numeric-value-carries-no-name	0x80
crates/slingshot-agent-connection/src/selected_author_hpack_integer.rs	101	numeric-value-carries-no-name	7
crates/slingshot-agent-connection/src/selected_author_hpack_integer.rs	110	numeric-value-carries-no-name	1337
crates/slingshot-agent-connection/src/selected_author_hpack_integer.rs	110	numeric-value-carries-no-name	31
crates/slingshot-agent-connection/src/selected_author_hpack_integer.rs	110	numeric-value-carries-no-name	5
crates/slingshot-agent-connection/src/selected_author_hpack_integer.rs	115	numeric-value-carries-no-name	8
crates/slingshot-agent-connection/src/selected_author_hpack_integer.rs	137	numeric-value-carries-no-name	31
crates/slingshot-agent-connection/src/selected_author_hpack_integer.rs	137	numeric-value-carries-no-name	5
crates/slingshot-agent-connection/src/selected_author_hpack_integer.rs	143	numeric-value-carries-no-name	5
crates/slingshot-agent-connection/src/selected_author_hpack_integer.rs	147	numeric-value-carries-no-name	31
crates/slingshot-agent-connection/src/selected_author_hpack_integer.rs	147	numeric-value-carries-no-name	5
crates/slingshot-agent-connection/src/selected_author_hpack_integer.rs	148	numeric-value-carries-no-name	9
crates/slingshot-agent-connection/src/selected_author_hpack_integer.rs	149	numeric-value-carries-no-name	0x80
crates/slingshot-agent-connection/src/selected_author_hpack_integer.rs	154	numeric-value-carries-no-name	31
crates/slingshot-agent-connection/src/selected_author_hpack_integer.rs	154	numeric-value-carries-no-name	5
crates/slingshot-agent-connection/src/selected_author_hpack_integer.rs	155	numeric-value-carries-no-name	9
crates/slingshot-agent-connection/src/selected_author_hpack_integer.rs	156	numeric-value-carries-no-name	0xff
crates/slingshot-agent-connection/src/selected_author_hpack_integer.rs	163	numeric-value-carries-no-name	31
crates/slingshot-agent-connection/src/selected_author_hpack_integer.rs	163	numeric-value-carries-no-name	5
crates/slingshot-agent-connection/src/selected_author_hpack_integer.rs	164	numeric-value-carries-no-name	0x80
crates/slingshot-agent-connection/src/selected_author_hpack_string.rs	22	declared-name-is-not-spelled-in-full	fmt
crates/slingshot-agent-connection/src/selected_author_hpack_string.rs	30	fallible-interface-omits-its-failure-section	start
crates/slingshot-agent-connection/src/selected_author_hpack_string.rs	32	numeric-value-carries-no-name	7
crates/slingshot-agent-connection/src/selected_author_hpack_string.rs	36	numeric-value-carries-no-name	0x80
crates/slingshot-agent-connection/src/selected_author_hpack_string.rs	58	fallible-interface-omits-its-failure-section	push
crates/slingshot-agent-connection/src/selected_author_hpack_string.rs	90	fallible-interface-omits-its-failure-section	finish
crates/slingshot-agent-connection/src/selected_author_hpack_string.rs	109	numeric-value-carries-no-name	64
crates/slingshot-agent-connection/src/selected_author_hpack_string.rs	165	numeric-value-carries-no-name	127
crates/slingshot-agent-connection/src/selected_author_hpack_string.rs	165	numeric-value-carries-no-name	130
crates/slingshot-agent-connection/src/selected_author_hpack_string.rs	166	numeric-value-carries-no-name	3
crates/slingshot-agent-connection/src/selected_author_hpack_string.rs	167	numeric-value-carries-no-name	130
crates/slingshot-agent-connection/src/selected_author_hpack_string.rs	172	numeric-value-carries-no-name	127
crates/slingshot-agent-connection/src/selected_author_hpack_string.rs	172	numeric-value-carries-no-name	129
crates/slingshot-agent-connection/src/selected_author_hpack_string.rs	181	numeric-value-carries-no-name	2
crates/slingshot-agent-connection/src/selected_author_hpack_string.rs	184	numeric-value-carries-no-name	0x81
crates/slingshot-agent-connection/src/selected_author_hpack_table.rs	99	declared-name-is-not-spelled-in-full	fmt
crates/slingshot-agent-connection/src/selected_author_hpack_table.rs	118	declared-name-is-not-spelled-in-full	fmt
crates/slingshot-agent-connection/src/selected_author_hpack_table.rs	137	fallible-interface-omits-its-failure-section	lookup
crates/slingshot-agent-connection/src/selected_author_hpack_table.rs	152	fallible-interface-omits-its-failure-section	resize
crates/slingshot-agent-connection/src/selected_author_hpack_table.rs	164	fallible-interface-omits-its-failure-section	insert
crates/slingshot-agent-connection/src/selected_author_hpack_table.rs	170	numeric-value-carries-no-name	32
crates/slingshot-agent-connection/src/selected_author_hpack_table.rs	223	numeric-value-carries-no-name	8
crates/slingshot-agent-connection/src/selected_author_hpack_table.rs	224	numeric-value-carries-no-name	62
crates/slingshot-agent-connection/src/selected_author_hpack_table.rs	235	numeric-value-carries-no-name	8
crates/slingshot-agent-connection/src/selected_author_hpack_table.rs	254	numeric-value-carries-no-name	61
crates/slingshot-agent-connection/src/selected_author_hpack_table.rs	265	numeric-value-carries-no-name	68
crates/slingshot-agent-connection/src/selected_author_hpack_table.rs	275	numeric-value-carries-no-name	34
crates/slingshot-agent-connection/src/selected_author_hpack_table.rs	278	numeric-value-carries-no-name	33
crates/slingshot-agent-connection/src/selected_author_hpack_table.rs	285	numeric-value-carries-no-name	34
crates/slingshot-agent-connection/src/selected_author_hpack_table.rs	293	numeric-value-carries-no-name	34
crates/slingshot-agent-connection/src/selected_author_hpack_table.rs	309	numeric-value-carries-no-name	1000
crates/slingshot-agent-connection/src/selected_author_http2_events.rs	45	numeric-value-carries-no-name	7
crates/slingshot-agent-connection/src/selected_author_http2_events.rs	52	numeric-value-carries-no-name	64
crates/slingshot-agent-connection/src/selected_author_http2_events.rs	75	numeric-value-carries-no-name	4
crates/slingshot-agent-connection/src/selected_author_http2_events.rs	85	numeric-value-carries-no-name	10
crates/slingshot-agent-connection/src/selected_author_http2_events.rs	86	numeric-value-carries-no-name	10
crates/slingshot-agent-connection/src/selected_author_http2_events.rs	93	numeric-value-carries-no-name	7
crates/slingshot-agent-connection/src/selected_author_http2_events.rs	99	numeric-value-carries-no-name	4096
crates/slingshot-agent-connection/src/selected_author_http2_events.rs	102	numeric-value-carries-no-name	65535
crates/slingshot-agent-connection/src/selected_author_http2_events.rs	105	numeric-value-carries-no-name	3
crates/slingshot-agent-connection/src/selected_author_http2_events.rs	106	numeric-value-carries-no-name	20
crates/slingshot-agent-connection/src/selected_author_http2_events.rs	108	numeric-value-carries-no-name	2
crates/slingshot-agent-connection/src/selected_author_http2_events.rs	133	numeric-value-carries-no-name	4096
crates/slingshot-agent-connection/src/selected_author_http2_events.rs	136	numeric-value-carries-no-name	65535
crates/slingshot-agent-connection/src/selected_author_http2_events.rs	159	numeric-value-carries-no-name	5
crates/slingshot-agent-connection/src/selected_author_http2_events.rs	173	numeric-value-carries-no-name	2
crates/slingshot-agent-connection/src/selected_author_http2_events.rs	185	numeric-value-carries-no-name	4096
crates/slingshot-agent-connection/src/selected_author_http2_events.rs	187	numeric-value-carries-no-name	65535
crates/slingshot-agent-connection/src/selected_author_http2_events.rs	191	numeric-value-carries-no-name	10
crates/slingshot-agent-connection/src/selected_author_http2_events.rs	193	numeric-value-carries-no-name	6
crates/slingshot-agent-connection/src/selected_author_http2_events.rs	220	numeric-value-carries-no-name	4096
crates/slingshot-agent-connection/src/selected_author_http2_events.rs	222	numeric-value-carries-no-name	65535
crates/slingshot-agent-connection/src/selected_author_http2_events.rs	230	numeric-value-carries-no-name	2
crates/slingshot-agent-connection/src/selected_author_http2_events.rs	258	numeric-value-carries-no-name	4096
crates/slingshot-agent-connection/src/selected_author_http2_events.rs	260	numeric-value-carries-no-name	65535
crates/slingshot-agent-connection/src/selected_author_http2_events.rs	269	numeric-value-carries-no-name	2
crates/slingshot-agent-connection/src/selected_author_http2_events.rs	288	fallible-interface-omits-its-failure-section	events_http2
crates/slingshot-agent-connection/src/selected_author_http2_events.rs	314	fallible-interface-omits-its-failure-section	events_negotiated
crates/slingshot-agent-connection/src/selected_author_http2_events.rs	340	fallible-interface-omits-its-failure-section	events_authenticated
crates/slingshot-agent-connection/src/selected_author_http2_events.rs	392	fallible-interface-omits-its-failure-section	events_authenticated_async
crates/slingshot-agent-connection/src/selected_author_http2_flow.rs	33	fallible-interface-omits-its-failure-section	observe
crates/slingshot-agent-connection/src/selected_author_http2_flow.rs	43	numeric-value-carries-no-name	4
crates/slingshot-agent-connection/src/selected_author_http2_flow.rs	44	numeric-value-carries-no-name	6
crates/slingshot-agent-connection/src/selected_author_http2_flow.rs	47	numeric-value-carries-no-name	6
crates/slingshot-agent-connection/src/selected_author_http2_flow.rs	48	numeric-value-carries-no-name	4
crates/slingshot-agent-connection/src/selected_author_http2_flow.rs	55	numeric-value-carries-no-name	4
crates/slingshot-agent-connection/src/selected_author_http2_flow.rs	55	numeric-value-carries-no-name	8
crates/slingshot-agent-connection/src/selected_author_http2_flow.rs	58	numeric-value-carries-no-name	0x7fff_ffff
crates/slingshot-agent-connection/src/selected_author_http2_flow.rs	74	fallible-interface-omits-its-failure-section	initial_stream_size
crates/slingshot-agent-connection/src/selected_author_http2_flow.rs	91	fallible-interface-omits-its-failure-section	credit
crates/slingshot-agent-connection/src/selected_author_http2_flow.rs	137	fallible-interface-omits-its-failure-section	receive_frame
crates/slingshot-agent-connection/src/selected_author_http2_flow.rs	144	numeric-value-carries-no-name	8
crates/slingshot-agent-connection/src/selected_author_http2_flow.rs	167	fallible-interface-omits-its-failure-section	receive
crates/slingshot-agent-connection/src/selected_author_http2_flow.rs	188	numeric-value-carries-no-name	13
crates/slingshot-agent-connection/src/selected_author_http2_flow.rs	188	numeric-value-carries-no-name	2
crates/slingshot-agent-connection/src/selected_author_http2_flow.rs	237	numeric-value-carries-no-name	4
crates/slingshot-agent-connection/src/selected_author_http2_flow.rs	251	numeric-value-carries-no-name	3
crates/slingshot-agent-connection/src/selected_author_http2_flow.rs	256	numeric-value-carries-no-name	10
crates/slingshot-agent-connection/src/selected_author_http2_flow.rs	258	numeric-value-carries-no-name	5
crates/slingshot-agent-connection/src/selected_author_http2_flow.rs	271	numeric-value-carries-no-name	100
crates/slingshot-agent-connection/src/selected_author_http2_flow.rs	298	numeric-value-carries-no-name	3
crates/slingshot-agent-connection/src/selected_author_http2_flow.rs	304	numeric-value-carries-no-name	65_535
crates/slingshot-agent-connection/src/selected_author_http2_flow.rs	314	numeric-value-carries-no-name	10
crates/slingshot-agent-connection/src/selected_author_http2_flow.rs	315	numeric-value-carries-no-name	5
crates/slingshot-agent-connection/src/selected_author_http2_frames.rs	57	declared-name-is-not-spelled-in-full	fmt
crates/slingshot-agent-connection/src/selected_author_http2_frames.rs	132	fallible-interface-omits-its-failure-section	read
crates/slingshot-agent-connection/src/selected_author_http2_frames.rs	145	fallible-interface-omits-its-failure-section	read_next
crates/slingshot-agent-connection/src/selected_author_http2_frames.rs	162	function-branches-too-many-ways	read_frame reaches 49
crates/slingshot-agent-connection/src/selected_author_http2_frames.rs	166	numeric-value-carries-no-name	9
crates/slingshot-agent-connection/src/selected_author_http2_frames.rs	180	numeric-value-carries-no-name	16
crates/slingshot-agent-connection/src/selected_author_http2_frames.rs	180	numeric-value-carries-no-name	8
crates/slingshot-agent-connection/src/selected_author_http2_frames.rs	183	numeric-value-carries-no-name	0x7fff_ffff
crates/slingshot-agent-connection/src/selected_author_http2_frames.rs	185	numeric-value-carries-no-name	4
crates/slingshot-agent-connection/src/selected_author_http2_frames.rs	186	numeric-value-carries-no-name	9
crates/slingshot-agent-connection/src/selected_author_http2_frames.rs	202	numeric-value-carries-no-name	2
crates/slingshot-agent-connection/src/selected_author_http2_frames.rs	202	numeric-value-carries-no-name	5
crates/slingshot-agent-connection/src/selected_author_http2_frames.rs	203	numeric-value-carries-no-name	3
crates/slingshot-agent-connection/src/selected_author_http2_frames.rs	203	numeric-value-carries-no-name	4
crates/slingshot-agent-connection/src/selected_author_http2_frames.rs	204	numeric-value-carries-no-name	4
crates/slingshot-agent-connection/src/selected_author_http2_frames.rs	204	numeric-value-carries-no-name	6
crates/slingshot-agent-connection/src/selected_author_http2_frames.rs	207	numeric-value-carries-no-name	5
crates/slingshot-agent-connection/src/selected_author_http2_frames.rs	208	numeric-value-carries-no-name	6
crates/slingshot-agent-connection/src/selected_author_http2_frames.rs	208	numeric-value-carries-no-name	8
crates/slingshot-agent-connection/src/selected_author_http2_frames.rs	209	numeric-value-carries-no-name	7
crates/slingshot-agent-connection/src/selected_author_http2_frames.rs	209	numeric-value-carries-no-name	8
crates/slingshot-agent-connection/src/selected_author_http2_frames.rs	210	numeric-value-carries-no-name	4
crates/slingshot-agent-connection/src/selected_author_http2_frames.rs	210	numeric-value-carries-no-name	8
crates/slingshot-agent-connection/src/selected_author_http2_frames.rs	213	numeric-value-carries-no-name	9
crates/slingshot-agent-connection/src/selected_author_http2_frames.rs	224	numeric-value-carries-no-name	8
crates/slingshot-agent-connection/src/selected_author_http2_frames.rs	228	numeric-value-carries-no-name	0x20
crates/slingshot-agent-connection/src/selected_author_http2_frames.rs	229	numeric-value-carries-no-name	5
crates/slingshot-agent-connection/src/selected_author_http2_frames.rs	230	numeric-value-carries-no-name	5
crates/slingshot-agent-connection/src/selected_author_http2_frames.rs	232	numeric-value-carries-no-name	0x7fff_ffff
crates/slingshot-agent-connection/src/selected_author_http2_frames.rs	250	numeric-value-carries-no-name	4
crates/slingshot-agent-connection/src/selected_author_http2_frames.rs	254	numeric-value-carries-no-name	255
crates/slingshot-agent-connection/src/selected_author_http2_frames.rs	263	numeric-value-carries-no-name	3
crates/slingshot-agent-connection/src/selected_author_http2_frames.rs	279	function-branches-too-many-ways	validate_control_payload reaches 15
crates/slingshot-agent-connection/src/selected_author_http2_frames.rs	286	numeric-value-carries-no-name	8
crates/slingshot-agent-connection/src/selected_author_http2_frames.rs	292	numeric-value-carries-no-name	2
crates/slingshot-agent-connection/src/selected_author_http2_frames.rs	293	numeric-value-carries-no-name	0x7fff_ffff
crates/slingshot-agent-connection/src/selected_author_http2_frames.rs	298	numeric-value-carries-no-name	4
crates/slingshot-agent-connection/src/selected_author_http2_frames.rs	299	numeric-value-carries-no-name	6
crates/slingshot-agent-connection/src/selected_author_http2_frames.rs	302	numeric-value-carries-no-name	2
crates/slingshot-agent-connection/src/selected_author_http2_frames.rs	303	numeric-value-carries-no-name	0x7fff_ffff
crates/slingshot-agent-connection/src/selected_author_http2_frames.rs	303	numeric-value-carries-no-name	4
crates/slingshot-agent-connection/src/selected_author_http2_frames.rs	304	numeric-value-carries-no-name	16_384
crates/slingshot-agent-connection/src/selected_author_http2_frames.rs	304	numeric-value-carries-no-name	16_777_215
crates/slingshot-agent-connection/src/selected_author_http2_frames.rs	304	numeric-value-carries-no-name	5
crates/slingshot-agent-connection/src/selected_author_http2_frames.rs	310	numeric-value-carries-no-name	8
crates/slingshot-agent-connection/src/selected_author_http2_frames.rs	311	numeric-value-carries-no-name	0x7fff_ffff
crates/slingshot-agent-connection/src/selected_author_http2_frames.rs	338	numeric-value-carries-no-name	4
crates/slingshot-agent-connection/src/selected_author_http2_frames.rs	362	numeric-value-carries-no-name	4
crates/slingshot-agent-connection/src/selected_author_http2_frames.rs	367	numeric-value-carries-no-name	4
crates/slingshot-agent-connection/src/selected_author_http2_frames.rs	377	numeric-value-carries-no-name	64
crates/slingshot-agent-connection/src/selected_author_http2_frames.rs	379	numeric-value-carries-no-name	8
crates/slingshot-agent-connection/src/selected_author_http2_frames.rs	404	numeric-value-carries-no-name	64
crates/slingshot-agent-connection/src/selected_author_http2_frames.rs	405	numeric-value-carries-no-name	4
crates/slingshot-agent-connection/src/selected_author_http2_frames.rs	406	numeric-value-carries-no-name	8
crates/slingshot-agent-connection/src/selected_author_http2_frames.rs	418	numeric-value-carries-no-name	64
crates/slingshot-agent-connection/src/selected_author_http2_frames.rs	420	numeric-value-carries-no-name	4
crates/slingshot-agent-connection/src/selected_author_http2_frames.rs	422	numeric-value-carries-no-name	3
crates/slingshot-agent-connection/src/selected_author_http2_frames.rs	422	numeric-value-carries-no-name	4
crates/slingshot-agent-connection/src/selected_author_http2_frames.rs	431	numeric-value-carries-no-name	4
crates/slingshot-agent-connection/src/selected_author_http2_frames.rs	434	numeric-value-carries-no-name	0x28
crates/slingshot-agent-connection/src/selected_author_http2_frames.rs	434	numeric-value-carries-no-name	0x8000_0001
crates/slingshot-agent-connection/src/selected_author_http2_frames.rs	439	numeric-value-carries-no-name	4
crates/slingshot-agent-connection/src/selected_author_http2_frames.rs	439	numeric-value-carries-no-name	9
crates/slingshot-agent-connection/src/selected_author_http2_frames.rs	449	numeric-value-carries-no-name	4
crates/slingshot-agent-connection/src/selected_author_http2_frames.rs	453	numeric-value-carries-no-name	32
crates/slingshot-agent-connection/src/selected_author_http2_frames.rs	455	numeric-value-carries-no-name	9
crates/slingshot-agent-connection/src/selected_author_http2_frames.rs	456	numeric-value-carries-no-name	4
crates/slingshot-agent-connection/src/selected_author_http2_frames.rs	470	numeric-value-carries-no-name	32
crates/slingshot-agent-connection/src/selected_author_http2_frames.rs	485	numeric-value-carries-no-name	64
crates/slingshot-agent-connection/src/selected_author_http2_frames.rs	495	numeric-value-carries-no-name	64
crates/slingshot-agent-connection/src/selected_author_http2_frames.rs	496	numeric-value-carries-no-name	4
crates/slingshot-agent-connection/src/selected_author_http2_frames.rs	523	numeric-value-carries-no-name	4
crates/slingshot-agent-connection/src/selected_author_http2_frames.rs	524	numeric-value-carries-no-name	4
crates/slingshot-agent-connection/src/selected_author_http2_frames.rs	535	numeric-value-carries-no-name	2
crates/slingshot-agent-connection/src/selected_author_http2_frames.rs	538	numeric-value-carries-no-name	4
crates/slingshot-agent-connection/src/selected_author_http2_frames.rs	538	numeric-value-carries-no-name	9
crates/slingshot-agent-connection/src/selected_author_http2_frames.rs	547	numeric-value-carries-no-name	64
crates/slingshot-agent-connection/src/selected_author_http2_frames.rs	553	numeric-value-carries-no-name	64
crates/slingshot-agent-connection/src/selected_author_http2_frames.rs	555	numeric-value-carries-no-name	4
crates/slingshot-agent-connection/src/selected_author_http2_frames.rs	555	numeric-value-carries-no-name	9
crates/slingshot-agent-connection/src/selected_author_http2_frames.rs	557	numeric-value-carries-no-name	6
crates/slingshot-agent-connection/src/selected_author_http2_frames.rs	557	numeric-value-carries-no-name	8
crates/slingshot-agent-connection/src/selected_author_http2_frames.rs	564	numeric-value-carries-no-name	6
crates/slingshot-agent-connection/src/selected_author_http2_frames.rs	564	numeric-value-carries-no-name	8
crates/slingshot-agent-connection/src/selected_author_http2_frames.rs	565	declared-name-is-not-spelled-in-full	n
crates/slingshot-agent-connection/src/selected_author_http2_frames.rs	568	numeric-value-carries-no-name	64
crates/slingshot-agent-connection/src/selected_author_http2_frames.rs	569	numeric-value-carries-no-name	5
crates/slingshot-agent-connection/src/selected_author_http2_frames.rs	577	numeric-value-carries-no-name	64
crates/slingshot-agent-connection/src/selected_author_http2_frames.rs	578	numeric-value-carries-no-name	5
crates/slingshot-agent-connection/src/selected_author_http2_frames.rs	579	numeric-value-carries-no-name	32
crates/slingshot-agent-connection/src/selected_author_http2_frames.rs	588	numeric-value-carries-no-name	64
crates/slingshot-agent-connection/src/selected_author_http2_frames.rs	590	numeric-value-carries-no-name	3
crates/slingshot-agent-connection/src/selected_author_http2_frames.rs	590	numeric-value-carries-no-name	4
crates/slingshot-agent-connection/src/selected_author_http2_frames.rs	597	numeric-value-carries-no-name	64
crates/slingshot-agent-connection/src/selected_author_http2_frames.rs	598	numeric-value-carries-no-name	32
crates/slingshot-agent-connection/src/selected_author_http2_frames.rs	599	numeric-value-carries-no-name	4
crates/slingshot-agent-connection/src/selected_author_http2_frames.rs	606	numeric-value-carries-no-name	64
crates/slingshot-agent-connection/src/selected_author_http2_handshake.rs	30	fallible-interface-omits-its-failure-section	prepare_http2
crates/slingshot-agent-connection/src/selected_author_http2_handshake.rs	53	fallible-interface-omits-its-failure-section	negotiate
crates/slingshot-agent-connection/src/selected_author_http2_handshake.rs	62	function-branches-too-many-ways	negotiate_frames reaches 12
crates/slingshot-agent-connection/src/selected_author_http2_handshake.rs	76	numeric-value-carries-no-name	4
crates/slingshot-agent-connection/src/selected_author_http2_handshake.rs	82	numeric-value-carries-no-name	4
crates/slingshot-agent-connection/src/selected_author_http2_handshake.rs	84	numeric-value-carries-no-name	6
crates/slingshot-agent-connection/src/selected_author_http2_handshake.rs	85	numeric-value-carries-no-name	3
crates/slingshot-agent-connection/src/selected_author_http2_handshake.rs	92	numeric-value-carries-no-name	6
crates/slingshot-agent-connection/src/selected_author_http2_handshake.rs	93	numeric-value-carries-no-name	17
crates/slingshot-agent-connection/src/selected_author_http2_handshake.rs	100	numeric-value-carries-no-name	6
crates/slingshot-agent-connection/src/selected_author_http2_handshake.rs	101	numeric-value-carries-no-name	8
crates/slingshot-agent-connection/src/selected_author_http2_handshake.rs	105	numeric-value-carries-no-name	3
crates/slingshot-agent-connection/src/selected_author_http2_handshake.rs	105	numeric-value-carries-no-name	5
crates/slingshot-agent-connection/src/selected_author_http2_handshake.rs	105	numeric-value-carries-no-name	7
crates/slingshot-agent-connection/src/selected_author_http2_handshake.rs	105	numeric-value-carries-no-name	8
crates/slingshot-agent-connection/src/selected_author_http2_handshake.rs	105	numeric-value-carries-no-name	9
crates/slingshot-agent-connection/src/selected_author_http2_handshake.rs	137	numeric-value-carries-no-name	128
crates/slingshot-agent-connection/src/selected_author_http2_handshake.rs	140	numeric-value-carries-no-name	4
crates/slingshot-agent-connection/src/selected_author_http2_handshake.rs	141	numeric-value-carries-no-name	9
crates/slingshot-agent-connection/src/selected_author_http2_handshake.rs	145	numeric-value-carries-no-name	6
crates/slingshot-agent-connection/src/selected_author_http2_handshake.rs	146	numeric-value-carries-no-name	17
crates/slingshot-agent-connection/src/selected_author_http2_handshake.rs	149	numeric-value-carries-no-name	4
crates/slingshot-agent-connection/src/selected_author_http2_handshake.rs	173	numeric-value-carries-no-name	4
crates/slingshot-agent-connection/src/selected_author_http2_handshake.rs	174	numeric-value-carries-no-name	128
crates/slingshot-agent-connection/src/selected_author_http2_handshake.rs	193	numeric-value-carries-no-name	128
crates/slingshot-agent-connection/src/selected_author_http2_headers.rs	29	declared-name-is-not-spelled-in-full	fmt
crates/slingshot-agent-connection/src/selected_author_http2_headers.rs	56	declared-name-is-not-spelled-in-full	fmt
crates/slingshot-agent-connection/src/selected_author_http2_headers.rs	102	declared-name-is-not-spelled-in-full	n
crates/slingshot-agent-connection/src/selected_author_http2_headers.rs	108	fallible-interface-omits-its-failure-section	begin_field
crates/slingshot-agent-connection/src/selected_author_http2_headers.rs	113	numeric-value-carries-no-name	4
crates/slingshot-agent-connection/src/selected_author_http2_headers.rs	121	fallible-interface-omits-its-failure-section	name_byte
crates/slingshot-agent-connection/src/selected_author_http2_headers.rs	142	fallible-interface-omits-its-failure-section	begin_value
crates/slingshot-agent-connection/src/selected_author_http2_headers.rs	161	fallible-interface-omits-its-failure-section	value_byte
crates/slingshot-agent-connection/src/selected_author_http2_headers.rs	181	fallible-interface-omits-its-failure-section	end_field
crates/slingshot-agent-connection/src/selected_author_http2_headers.rs	184	declared-name-is-not-spelled-in-full	b
crates/slingshot-agent-connection/src/selected_author_http2_headers.rs	190	numeric-value-carries-no-name	200
crates/slingshot-agent-connection/src/selected_author_http2_headers.rs	190	numeric-value-carries-no-name	600
crates/slingshot-agent-connection/src/selected_author_http2_headers.rs	220	fallible-interface-omits-its-failure-section	finish
crates/slingshot-agent-connection/src/selected_author_http2_headers.rs	224	numeric-value-carries-no-name	2
crates/slingshot-agent-connection/src/selected_author_http2_headers.rs	255	numeric-value-carries-no-name	10
crates/slingshot-agent-connection/src/selected_author_http2_headers.rs	256	numeric-value-carries-no-name	2
crates/slingshot-agent-connection/src/selected_author_http2_headers.rs	257	numeric-value-carries-no-name	22
crates/slingshot-agent-connection/src/selected_author_http2_headers.rs	267	numeric-value-carries-no-name	10
crates/slingshot-agent-connection/src/selected_author_http2_headers.rs	268	numeric-value-carries-no-name	2
crates/slingshot-agent-connection/src/selected_author_http2_headers.rs	269	numeric-value-carries-no-name	21
crates/slingshot-agent-connection/src/selected_author_http2_headers.rs	279	numeric-value-carries-no-name	10
crates/slingshot-agent-connection/src/selected_author_http2_headers.rs	280	numeric-value-carries-no-name	2
crates/slingshot-agent-connection/src/selected_author_http2_headers.rs	281	numeric-value-carries-no-name	64
crates/slingshot-agent-connection/src/selected_author_http2_headers.rs	287	numeric-value-carries-no-name	9
crates/slingshot-agent-connection/src/selected_author_http2_headers.rs	295	numeric-value-carries-no-name	10
crates/slingshot-agent-connection/src/selected_author_http2_headers.rs	297	numeric-value-carries-no-name	64
crates/slingshot-agent-connection/src/selected_author_http2_headers.rs	303	numeric-value-carries-no-name	10
crates/slingshot-agent-connection/src/selected_author_http2_headers.rs	304	numeric-value-carries-no-name	2
crates/slingshot-agent-connection/src/selected_author_http2_headers.rs	305	numeric-value-carries-no-name	19
crates/slingshot-agent-connection/src/selected_author_http2_headers.rs	356	numeric-value-carries-no-name	4
crates/slingshot-agent-connection/src/selected_author_http2_headers.rs	363	numeric-value-carries-no-name	2
crates/slingshot-agent-connection/src/selected_author_http2_headers.rs	366	numeric-value-carries-no-name	3
crates/slingshot-agent-connection/src/selected_author_http2_headers.rs	378	numeric-value-carries-no-name	10
crates/slingshot-agent-connection/src/selected_author_http2_headers.rs	379	numeric-value-carries-no-name	2
crates/slingshot-agent-connection/src/selected_author_http2_headers.rs	380	numeric-value-carries-no-name	64
crates/slingshot-agent-connection/src/selected_author_http2_headers.rs	384	numeric-value-carries-no-name	10
crates/slingshot-agent-connection/src/selected_author_http2_request.rs	21	declared-name-is-not-spelled-in-full	fmt
crates/slingshot-agent-connection/src/selected_author_http2_request.rs	35	numeric-value-carries-no-name	4
crates/slingshot-agent-connection/src/selected_author_http2_request.rs	37	numeric-value-carries-no-name	9
crates/slingshot-agent-connection/src/selected_author_http2_request.rs	59	fallible-interface-omits-its-failure-section	encode_http2_request_head
crates/slingshot-agent-connection/src/selected_author_http2_request.rs	114	numeric-value-carries-no-name	0x10
crates/slingshot-agent-connection/src/selected_author_http2_request.rs	120	numeric-value-carries-no-name	127
crates/slingshot-agent-connection/src/selected_author_http2_request.rs	123	numeric-value-carries-no-name	127
crates/slingshot-agent-connection/src/selected_author_http2_request.rs	124	numeric-value-carries-no-name	127
crates/slingshot-agent-connection/src/selected_author_http2_request.rs	125	numeric-value-carries-no-name	128
crates/slingshot-agent-connection/src/selected_author_http2_request.rs	126	numeric-value-carries-no-name	127
crates/slingshot-agent-connection/src/selected_author_http2_request.rs	126	numeric-value-carries-no-name	128
crates/slingshot-agent-connection/src/selected_author_http2_request.rs	127	numeric-value-carries-no-name	7
crates/slingshot-agent-connection/src/selected_author_lookup.rs	68	declared-name-is-not-spelled-in-full	fmt
crates/slingshot-agent-connection/src/selected_author_lookup.rs	74	fallible-interface-omits-its-failure-section	decode_lookup_absence
crates/slingshot-agent-connection/src/selected_author_lookup.rs	95	numeric-value-carries-no-name	404
crates/slingshot-agent-connection/src/selected_author_lookup.rs	115	numeric-value-carries-no-name	410
crates/slingshot-agent-connection/src/selected_author_lookup.rs	133	declared-name-is-not-spelled-in-full	fmt
crates/slingshot-agent-connection/src/selected_author_lookup.rs	140	fallible-interface-omits-its-failure-section	lookup_snapshot
crates/slingshot-agent-connection/src/selected_author_lookup.rs	153	fallible-interface-omits-its-failure-section	lookup_operation
crates/slingshot-agent-connection/src/selected_author_lookup.rs	165	fallible-interface-omits-its-failure-section	lookup_operation_http2
crates/slingshot-agent-connection/src/selected_author_lookup.rs	178	fallible-interface-omits-its-failure-section	lookup_physical_snapshot
crates/slingshot-agent-connection/src/selected_author_lookup.rs	202	fallible-interface-omits-its-failure-section	lookup_physical_snapshot_http2
crates/slingshot-agent-connection/src/selected_author_lookup.rs	227	fallible-interface-omits-its-failure-section	lookup_physical_job
crates/slingshot-agent-connection/src/selected_author_lookup.rs	248	fallible-interface-omits-its-failure-section	lookup_physical_job_http2
crates/slingshot-agent-connection/src/selected_author_lookup.rs	271	fallible-interface-omits-its-failure-section	lookup_operation_negotiated
crates/slingshot-agent-connection/src/selected_author_lookup.rs	284	fallible-interface-omits-its-failure-section	lookup_physical_snapshot_negotiated
crates/slingshot-agent-connection/src/selected_author_lookup.rs	309	fallible-interface-omits-its-failure-section	lookup_physical_job_negotiated
crates/slingshot-agent-connection/src/selected_author_lookup.rs	378	fallible-interface-omits-its-failure-section	lookup_operation_authenticated
crates/slingshot-agent-connection/src/selected_author_lookup.rs	394	fallible-interface-omits-its-failure-section	lookup_physical_job_authenticated
crates/slingshot-agent-connection/src/selected_author_lookup.rs	418	fallible-interface-omits-its-failure-section	lookup_physical_snapshot_authenticated
crates/slingshot-agent-connection/src/selected_author_lookup.rs	472	fallible-interface-omits-its-failure-section	lookup_operation_authenticated_async
crates/slingshot-agent-connection/src/selected_author_lookup.rs	490	fallible-interface-omits-its-failure-section	lookup_physical_job_authenticated_async
crates/slingshot-agent-connection/src/selected_author_lookup.rs	518	fallible-interface-omits-its-failure-section	lookup_physical_snapshot_authenticated_async
crates/slingshot-agent-connection/src/selected_author_lookup.rs	579	declared-name-is-not-spelled-in-full	a
crates/slingshot-agent-connection/src/selected_author_lookup.rs	582	declared-name-is-not-spelled-in-full	a
crates/slingshot-agent-connection/src/selected_author_lookup.rs	583	declared-name-is-not-spelled-in-full	a
crates/slingshot-agent-connection/src/selected_author_lookup.rs	585	declared-name-is-not-spelled-in-full	a
crates/slingshot-agent-connection/src/selected_author_lookup.rs	643	numeric-value-carries-no-name	200
crates/slingshot-agent-connection/src/selected_author_lookup.rs	674	numeric-value-carries-no-name	1_000_000
crates/slingshot-agent-connection/src/structured_job_result.rs	92	fallible-interface-omits-its-failure-section	decode_terminal_result
crates/slingshot-agent-connection/src/structured_job_result.rs	162	function-branches-too-many-ways	decode_result_for_command reaches 11
crates/slingshot-agent-connection/src/structured_job_result.rs	401	declared-name-is-not-spelled-in-full	fmt
crates/slingshot-agent-connection/src/terminal_failure.rs	22	declared-name-is-not-spelled-in-full	fmt
crates/slingshot-agent-connection/src/terminal_failure.rs	37	fallible-interface-omits-its-failure-section	decode_read_failure
crates/slingshot-agent-connection/src/terminal_failure.rs	37	function-branches-too-many-ways	decode_read_failure reaches 54
crates/slingshot-agent-connection/src/terminal_failure.rs	87	numeric-value-carries-no-name	2
crates/slingshot-agent-connection/src/terminal_failure.rs	250	declared-name-is-not-spelled-in-full	fmt
crates/slingshot-agent-connection/src/terminal_failure.rs	270	fallible-interface-omits-its-failure-section	decode_mutation_failure
crates/slingshot-agent-connection/src/terminal_failure.rs	270	function-branches-too-many-ways	decode_mutation_failure reaches 29
crates/slingshot-agent-connection/src/terminal_failure.rs	345	declared-name-is-not-spelled-in-full	fmt
crates/slingshot-agent-connection/src/terminal_failure.rs	364	fallible-interface-omits-its-failure-section	decode_replication_failure
crates/slingshot-agent-connection/src/terminal_failure.rs	412	declared-name-is-not-spelled-in-full	fmt
crates/slingshot-agent-connection/src/terminal_failure.rs	428	fallible-interface-omits-its-failure-section	decode_discovery_failure
crates/slingshot-agent-connection/src/terminal_failure.rs	428	function-branches-too-many-ways	decode_discovery_failure reaches 15
crates/slingshot-agent-connection/src/terminal_failure.rs	471	numeric-value-carries-no-name	2
crates/slingshot-agent-connection/src/terminal_failure.rs	499	declared-name-is-not-spelled-in-full	fmt
crates/slingshot-agent-connection/src/terminal_failure.rs	514	fallible-interface-omits-its-failure-section	decode_configuration_failure
crates/slingshot-agent-connection/src/terminal_failure.rs	543	declared-name-is-not-spelled-in-full	fmt
crates/slingshot-agent-connection/src/terminal_failure.rs	564	declared-name-is-not-spelled-in-full	fmt
crates/slingshot-agent-connection/src/terminal_failure.rs	625	numeric-value-carries-no-name	2
crates/slingshot-agent-connection/src/terminal_failure.rs	632	fallible-interface-omits-its-failure-section	decode_load_failure
crates/slingshot-agent-connection/src/terminal_failure.rs	650	fallible-interface-omits-its-failure-section	decode_package_failure
crates/slingshot-agent-connection/src/terminal_failure.rs	686	declared-name-is-not-spelled-in-full	fmt
crates/slingshot-agent-connection/src/terminal_failure.rs	709	fallible-interface-omits-its-failure-section	decode_creation_failure
crates/slingshot-agent-connection/src/terminal_failure.rs	743	fallible-interface-omits-its-failure-section	decode_terminal_failure
crates/slingshot-agent-connection/tests/access_token_cache/async_cases.rs	36	declared-name-is-not-spelled-in-full	a
crates/slingshot-agent-connection/tests/access_token_cache/async_cases.rs	60	declared-name-is-not-spelled-in-full	F
crates/slingshot-agent-connection/tests/access_token_cache/async_cases.rs	70	declared-name-is-not-spelled-in-full	wake_by_ref
crates/slingshot-agent-connection/tests/access_token_cache/async_cases.rs	78	numeric-value-carries-no-name	17
crates/slingshot-agent-connection/tests/access_token_cache/async_cases.rs	78	numeric-value-carries-no-name	32
crates/slingshot-agent-connection/tests/access_token_cache/async_cases.rs	106	numeric-value-carries-no-name	17
crates/slingshot-agent-connection/tests/access_token_cache/async_cases.rs	106	numeric-value-carries-no-name	32
crates/slingshot-agent-connection/tests/access_token_cache/async_cases.rs	134	numeric-value-carries-no-name	17
crates/slingshot-agent-connection/tests/access_token_cache/async_cases.rs	134	numeric-value-carries-no-name	32
crates/slingshot-agent-connection/tests/access_token_cache/async_cases.rs	149	numeric-value-carries-no-name	17
crates/slingshot-agent-connection/tests/access_token_cache/async_cases.rs	149	numeric-value-carries-no-name	32
crates/slingshot-agent-connection/tests/access_token_cache/async_cases.rs	151	numeric-value-carries-no-name	2
crates/slingshot-agent-connection/tests/access_token_cache/async_cases.rs	158	numeric-value-carries-no-name	17
crates/slingshot-agent-connection/tests/access_token_cache/async_cases.rs	158	numeric-value-carries-no-name	32
crates/slingshot-agent-connection/tests/access_token_cache/async_cases.rs	174	numeric-value-carries-no-name	17
crates/slingshot-agent-connection/tests/access_token_cache/async_cases.rs	174	numeric-value-carries-no-name	32
crates/slingshot-agent-connection/tests/access_token_cache/async_cases.rs	176	numeric-value-carries-no-name	4
crates/slingshot-agent-connection/tests/artifact_unavailable.rs	13	function-branches-too-many-ways	unavailable_documents_match_status_provenance_operation_and_artifact_identity reaches 16
crates/slingshot-agent-connection/tests/artifact_unavailable.rs	22	numeric-value-carries-no-name	64
crates/slingshot-agent-connection/tests/artifact_unavailable.rs	23	numeric-value-carries-no-name	64
crates/slingshot-agent-connection/tests/artifact_unavailable.rs	25	numeric-value-carries-no-name	7
crates/slingshot-agent-connection/tests/artifact_unavailable.rs	37	numeric-value-carries-no-name	64
crates/slingshot-agent-connection/tests/artifact_unavailable.rs	43	numeric-value-carries-no-name	7
crates/slingshot-agent-connection/tests/artifact_unavailable.rs	75	numeric-value-carries-no-name	10
crates/slingshot-agent-connection/tests/artifact_unavailable.rs	78	numeric-value-carries-no-name	8
crates/slingshot-agent-connection/tests/artifact_unavailable.rs	79	numeric-value-carries-no-name	64
crates/slingshot-agent-connection/tests/artifact_unavailable.rs	80	numeric-value-carries-no-name	2
crates/slingshot-agent-connection/tests/artifact_unavailable.rs	80	numeric-value-carries-no-name	64
crates/slingshot-agent-connection/tests/artifact_unavailable.rs	81	numeric-value-carries-no-name	3
crates/slingshot-agent-connection/tests/artifact_unavailable.rs	82	numeric-value-carries-no-name	4
crates/slingshot-agent-connection/tests/artifact_unavailable.rs	83	numeric-value-carries-no-name	5
crates/slingshot-agent-connection/tests/artifact_unavailable.rs	84	numeric-value-carries-no-name	6
crates/slingshot-agent-connection/tests/artifact_unavailable.rs	84	numeric-value-carries-no-name	64
crates/slingshot-agent-connection/tests/artifact_unavailable.rs	85	numeric-value-carries-no-name	7
crates/slingshot-agent-connection/tests/artifact_unavailable.rs	86	numeric-value-carries-no-name	64
crates/slingshot-agent-connection/tests/artifact_unavailable.rs	88	numeric-value-carries-no-name	8
crates/slingshot-agent-connection/tests/artifact_unavailable.rs	90	numeric-value-carries-no-name	64
crates/slingshot-agent-connection/tests/artifact_unavailable.rs	92	numeric-value-carries-no-name	9
crates/slingshot-agent-connection/tests/command_submission.rs	254	function-branches-too-many-ways	no_acknowledgement_crosses_revision_or_any_provenance_member reaches 12
crates/slingshot-agent-connection/tests/command_submission.rs	315	numeric-value-carries-no-name	422
crates/slingshot-agent-connection/tests/command_submission.rs	1160	file-is-longer-than-the-ceiling	1160 lines
crates/slingshot-agent-connection/tests/environment_provider/async_cases.rs	63	declared-name-is-not-spelled-in-full	a
crates/slingshot-agent-connection/tests/environment_provider/async_cases.rs	145	numeric-value-carries-no-name	2
crates/slingshot-agent-connection/tests/environment_provider/async_cases.rs	185	numeric-value-carries-no-name	8
crates/slingshot-agent-connection/tests/environment_provider/refresh.rs	20	function-branches-too-many-ways	authenticated_requests_refresh_reads_but_never_repeat_job_posts reaches 103
crates/slingshot-agent-connection/tests/event_stream_reset.rs	37	numeric-value-carries-no-name	7
crates/slingshot-agent-connection/tests/event_stream_reset.rs	104	numeric-value-carries-no-name	409
crates/slingshot-agent-connection/tests/event_stream_reset.rs	104	numeric-value-carries-no-name	410
crates/slingshot-agent-connection/tests/event_stream_reset.rs	126	numeric-value-carries-no-name	7
crates/slingshot-agent-connection/tests/event_stream_reset.rs	159	numeric-value-carries-no-name	409
crates/slingshot-agent-connection/tests/event_stream_reset.rs	185	numeric-value-carries-no-name	409
crates/slingshot-agent-connection/tests/event_stream_reset.rs	190	numeric-value-carries-no-name	6
crates/slingshot-agent-connection/tests/event_stream_reset.rs	190	numeric-value-carries-no-name	7
crates/slingshot-agent-connection/tests/event_stream_reset.rs	194	numeric-value-carries-no-name	96
crates/slingshot-agent-connection/tests/identity_management_exchange/async_cases.rs	24	declared-name-is-not-spelled-in-full	a
crates/slingshot-agent-connection/tests/identity_management_exchange/async_cases.rs	25	declared-name-is-not-spelled-in-full	a
crates/slingshot-agent-connection/tests/identity_management_exchange/async_cases.rs	31	declared-name-is-not-spelled-in-full	a
crates/slingshot-agent-connection/tests/identity_management_exchange/async_cases.rs	38	declared-name-is-not-spelled-in-full	a
crates/slingshot-agent-connection/tests/identity_management_exchange/async_cases.rs	39	declared-name-is-not-spelled-in-full	a
crates/slingshot-agent-connection/tests/identity_management_exchange/async_cases.rs	40	declared-name-is-not-spelled-in-full	a
crates/slingshot-agent-connection/tests/identity_management_exchange/async_cases.rs	41	declared-name-is-not-spelled-in-full	a
crates/slingshot-agent-connection/tests/identity_management_exchange/async_cases.rs	42	declared-name-is-not-spelled-in-full	a
crates/slingshot-agent-connection/tests/job_snapshot_reconciliation.rs	185	function-branches-too-many-ways	network_snapshot_decoder_requires_all_echoes_and_a_bounded_ordered_job_set reaches 11
crates/slingshot-agent-connection/tests/job_snapshot_reconciliation.rs	188	numeric-value-carries-no-name	64
crates/slingshot-agent-connection/tests/job_snapshot_reconciliation.rs	189	numeric-value-carries-no-name	64
crates/slingshot-agent-connection/tests/job_snapshot_reconciliation.rs	190	numeric-value-carries-no-name	64
crates/slingshot-agent-connection/tests/job_snapshot_reconciliation.rs	191	numeric-value-carries-no-name	64
crates/slingshot-agent-connection/tests/job_snapshot_reconciliation.rs	249	numeric-value-carries-no-name	999
crates/slingshot-agent-connection/tests/job_snapshot_reconciliation.rs	252	numeric-value-carries-no-name	64
crates/slingshot-agent-connection/tests/job_snapshot_reconciliation.rs	265	numeric-value-carries-no-name	64
crates/slingshot-agent-connection/tests/job_snapshot_reconciliation.rs	270	numeric-value-carries-no-name	64
crates/slingshot-agent-connection/tests/job_snapshot_reconciliation.rs	359	numeric-value-carries-no-name	200
crates/slingshot-agent-connection/tests/job_snapshot_reconciliation.rs	372	numeric-value-carries-no-name	10
crates/slingshot-agent-connection/tests/job_snapshot_reconciliation.rs	373	numeric-value-carries-no-name	96
crates/slingshot-agent-connection/tests/job_snapshot_reconciliation.rs	377	numeric-value-carries-no-name	10
crates/slingshot-agent-connection/tests/job_snapshot_reconciliation.rs	377	numeric-value-carries-no-name	100
crates/slingshot-agent-connection/tests/job_snapshot_reconciliation.rs	378	numeric-value-carries-no-name	96
crates/slingshot-agent-connection/tests/job_snapshot_reconciliation.rs	380	numeric-value-carries-no-name	96
crates/slingshot-agent-connection/tests/job_snapshot_reconciliation.rs	454	numeric-value-carries-no-name	96
crates/slingshot-agent-connection/tests/physical_job_missing.rs	17	numeric-value-carries-no-name	404
crates/slingshot-agent-connection/tests/physical_job_missing.rs	31	numeric-value-carries-no-name	8
crates/slingshot-agent-connection/tests/selected_author_exchange.rs	23	numeric-value-carries-no-name	200
crates/slingshot-agent-connection/tests/selected_author_exchange.rs	88	numeric-value-carries-no-name	200
crates/slingshot-agent-connection/tests/selected_author_exchange.rs	104	numeric-value-carries-no-name	302
crates/slingshot-agent-connection/tests/selected_author_exchange.rs	117	numeric-value-carries-no-name	503
crates/slingshot-agent-connection/tests/selected_author_exchange.rs	129	numeric-value-carries-no-name	200
crates/slingshot-agent-connection/tests/server_sent_event_decoder.rs	52	function-branches-too-many-ways	decoded_events_preserve_missing_counters_without_accepting_explicit_regression reaches 12
crates/slingshot-agent-connection/tests/server_sent_event_decoder.rs	59	numeric-value-carries-no-name	3
crates/slingshot-agent-connection/tests/server_sent_event_decoder.rs	60	numeric-value-carries-no-name	2
crates/slingshot-agent-connection/tests/server_sent_event_decoder.rs	61	numeric-value-carries-no-name	40
crates/slingshot-agent-connection/tests/server_sent_event_decoder.rs	101	numeric-value-carries-no-name	2
crates/slingshot-agent-connection/tests/server_sent_event_decoder.rs	102	numeric-value-carries-no-name	3
crates/slingshot-agent-connection/tests/server_sent_event_decoder.rs	113	numeric-value-carries-no-name	4
crates/slingshot-agent-connection/tests/server_sent_event_decoder.rs	116	numeric-value-carries-no-name	4
crates/slingshot-agent-connection/tests/server_sent_event_decoder.rs	124	numeric-value-carries-no-name	5
crates/slingshot-agent-connection/tests/server_sent_event_decoder.rs	203	function-branches-too-many-ways	physical_event_state_and_optional_counters_are_validated_and_preserved reaches 11
crates/slingshot-agent-connection/tests/server_sent_event_decoder.rs	280	numeric-value-carries-no-name	64
crates/slingshot-agent-connection/tests/server_sent_event_decoder.rs	304	numeric-value-carries-no-name	64
crates/slingshot-agent-connection/tests/server_sent_event_decoder.rs	368	numeric-value-carries-no-name	100_000
crates/slingshot-agent-connection/tests/server_sent_event_decoder.rs	1136	file-is-longer-than-the-ceiling	1136 lines
crates/slingshot-agent-connection/tests/structured_job_results.rs	145	numeric-value-carries-no-name	6
crates/slingshot-agent-connection/tests/structured_job_results.rs	150	numeric-value-carries-no-name	2
crates/slingshot-agent-connection/tests/structured_job_results.rs	151	numeric-value-carries-no-name	2
crates/slingshot-agent-connection/tests/structured_job_results.rs	151	numeric-value-carries-no-name	3
crates/slingshot-agent-connection/tests/structured_job_results.rs	152	numeric-value-carries-no-name	4
crates/slingshot-agent-connection/tests/structured_job_results.rs	156	numeric-value-carries-no-name	5
crates/slingshot-agent-connection/tests/structured_job_results.rs	222	numeric-value-carries-no-name	6
crates/slingshot-agent-connection/tests/structured_job_results.rs	227	numeric-value-carries-no-name	2
crates/slingshot-agent-connection/tests/structured_job_results.rs	228	numeric-value-carries-no-name	3
crates/slingshot-agent-connection/tests/structured_job_results.rs	231	numeric-value-carries-no-name	4
crates/slingshot-agent-connection/tests/structured_job_results.rs	288	numeric-value-carries-no-name	64
crates/slingshot-agent-connection/tests/structured_job_results.rs	289	numeric-value-carries-no-name	64
crates/slingshot-agent-connection/tests/structured_job_results.rs	291	numeric-value-carries-no-name	7
crates/slingshot-agent-connection/tests/structured_job_results.rs	408	numeric-value-carries-no-name	5
crates/slingshot-agent-connection/tests/structured_job_results.rs	413	numeric-value-carries-no-name	2
crates/slingshot-agent-connection/tests/structured_job_results.rs	413	numeric-value-carries-no-name	64
crates/slingshot-agent-connection/tests/structured_job_results.rs	414	numeric-value-carries-no-name	3
crates/slingshot-agent-connection/tests/structured_job_results.rs	414	numeric-value-carries-no-name	64
crates/slingshot-agent-connection/tests/subscription_high_water.rs	20	numeric-value-carries-no-name	200
crates/slingshot-agent-connection/tests/subscription_high_water.rs	34	numeric-value-carries-no-name	7
crates/slingshot-agent-connection/tests/terminal_failure.rs	27	numeric-value-carries-no-name	64
crates/slingshot-agent-connection/tests/terminal_failure.rs	28	numeric-value-carries-no-name	64
crates/slingshot-agent-connection/tests/terminal_failure.rs	30	numeric-value-carries-no-name	7
crates/slingshot-agent-connection/tests/terminal_failure.rs	40	numeric-value-carries-no-name	64
crates/slingshot-agent-connection/tests/terminal_failure.rs	73	function-branches-too-many-ways	targeted_read_failures_bind_subjects_and_selected_categories reaches 19
crates/slingshot-agent-connection/tests/terminal_failure.rs	183	numeric-value-carries-no-name	64
crates/slingshot-agent-connection/tests/terminal_failure.rs	184	numeric-value-carries-no-name	64
crates/slingshot-agent-connection/tests/terminal_failure.rs	186	numeric-value-carries-no-name	7
crates/slingshot-agent-connection/tests/terminal_failure.rs	196	numeric-value-carries-no-name	64
crates/slingshot-agent-connection/tests/terminal_failure.rs	492	function-branches-too-many-ways	check_mutation_failure_cases reaches 11
crates/slingshot-agent-connection/tests/terminal_failure.rs	499	numeric-value-carries-no-name	64
crates/slingshot-agent-connection/tests/terminal_failure.rs	500	numeric-value-carries-no-name	64
crates/slingshot-agent-connection/tests/terminal_failure.rs	502	numeric-value-carries-no-name	7
crates/slingshot-agent-connection/tests/terminal_failure.rs	512	numeric-value-carries-no-name	64
crates/slingshot-agent-connection/tests/terminal_failure.rs	606	numeric-value-carries-no-name	64
crates/slingshot-agent-connection/tests/terminal_failure.rs	607	numeric-value-carries-no-name	64
crates/slingshot-agent-connection/tests/terminal_failure.rs	609	numeric-value-carries-no-name	7
crates/slingshot-agent-connection/tests/terminal_failure.rs	619	numeric-value-carries-no-name	64
crates/slingshot-agent-connection/tests/terminal_failure.rs	691	numeric-value-carries-no-name	64
crates/slingshot-agent-connection/tests/terminal_failure.rs	692	numeric-value-carries-no-name	64
crates/slingshot-agent-connection/tests/terminal_failure.rs	694	numeric-value-carries-no-name	7
crates/slingshot-agent-connection/tests/terminal_failure.rs	704	numeric-value-carries-no-name	64
crates/slingshot-agent-connection/tests/terminal_failure.rs	790	numeric-value-carries-no-name	64
crates/slingshot-agent-connection/tests/terminal_failure.rs	791	numeric-value-carries-no-name	64
crates/slingshot-agent-connection/tests/terminal_failure.rs	793	numeric-value-carries-no-name	7
crates/slingshot-agent-connection/tests/terminal_failure.rs	803	numeric-value-carries-no-name	64
crates/slingshot-agent-connection/tests/terminal_failure.rs	851	numeric-value-carries-no-name	64
crates/slingshot-agent-connection/tests/terminal_failure.rs	852	numeric-value-carries-no-name	64
crates/slingshot-agent-connection/tests/terminal_failure.rs	854	numeric-value-carries-no-name	7
crates/slingshot-agent-connection/tests/terminal_failure.rs	864	numeric-value-carries-no-name	64
crates/slingshot-agent-connection/tests/terminal_failure.rs	906	numeric-value-carries-no-name	64
crates/slingshot-agent-connection/tests/terminal_failure.rs	949	numeric-value-carries-no-name	64
crates/slingshot-agent-connection/tests/terminal_failure.rs	950	numeric-value-carries-no-name	64
crates/slingshot-agent-connection/tests/terminal_failure.rs	952	numeric-value-carries-no-name	7
crates/slingshot-agent-connection/tests/terminal_failure.rs	962	numeric-value-carries-no-name	64
crates/slingshot-agent-connection/tests/terminal_failure.rs	1011	numeric-value-carries-no-name	64
crates/slingshot-agent-connection/tests/terminal_failure.rs	1012	numeric-value-carries-no-name	64
crates/slingshot-agent-connection/tests/terminal_failure.rs	1014	numeric-value-carries-no-name	7
crates/slingshot-agent-connection/tests/terminal_failure.rs	1023	numeric-value-carries-no-name	64
crates/slingshot-agent-connection/tests/terminal_failure.rs	1053	numeric-value-carries-no-name	64
crates/slingshot-agent-connection/tests/terminal_failure.rs	1067	numeric-value-carries-no-name	8
crates/slingshot-agent-connection/tests/terminal_failure.rs	1094	file-is-longer-than-the-ceiling	1094 lines
crates/slingshot-agent-protocol/src/artifact_unavailable.rs	24	declared-name-is-not-spelled-in-full	fmt
crates/slingshot-agent-protocol/src/capabilities.rs	42	declared-name-is-not-spelled-in-full	fmt
crates/slingshot-agent-protocol/src/event_stream_reset.rs	38	declared-name-is-not-spelled-in-full	D
crates/slingshot-agent-protocol/src/event_stream_reset.rs	45	declared-name-is-not-spelled-in-full	f
crates/slingshot-agent-protocol/src/event_stream_reset.rs	45	declared-name-is-not-spelled-in-full	fmt
crates/slingshot-agent-protocol/src/job_contract.rs	162	declared-name-is-not-spelled-in-full	fmt
crates/slingshot-agent-protocol/src/job_contract.rs	168	declared-name-is-not-spelled-in-full	D
crates/slingshot-agent-protocol/src/job_contract.rs	175	declared-name-is-not-spelled-in-full	D
crates/slingshot-agent-protocol/src/job_event_document.rs	29	declared-name-is-not-spelled-in-full	f
crates/slingshot-agent-protocol/src/job_event_document.rs	29	declared-name-is-not-spelled-in-full	fmt
crates/slingshot-agent-protocol/src/job_event_document.rs	76	declared-name-is-not-spelled-in-full	f
crates/slingshot-agent-protocol/src/job_event_document.rs	76	declared-name-is-not-spelled-in-full	fmt
crates/slingshot-agent-protocol/src/job_event_document.rs	80	declared-name-is-not-spelled-in-full	D
crates/slingshot-agent-protocol/src/job_event_document.rs	80	declared-name-is-not-spelled-in-full	d
crates/slingshot-agent-protocol/src/job_event_document.rs	83	declared-name-is-not-spelled-in-full	D
crates/slingshot-agent-protocol/src/job_event_document.rs	84	declared-name-is-not-spelled-in-full	d
crates/slingshot-agent-protocol/src/lookup_absence.rs	44	declared-name-is-not-spelled-in-full	fmt
crates/slingshot-agent-protocol/src/physical_job_missing.rs	18	declared-name-is-not-spelled-in-full	fmt
crates/slingshot-agent-protocol/src/subscription_high_water.rs	21	declared-name-is-not-spelled-in-full	fmt
crates/slingshot-agent-protocol/src/terminal_failure.rs	24	declared-name-is-not-spelled-in-full	fmt
crates/slingshot-agent-protocol/src/terminal_result.rs	40	declared-name-is-not-spelled-in-full	fmt
crates/slingshot-agent-protocol/tests/agent_store_and_logical_execution_contract.rs	220	numeric-value-carries-no-name	120000
crates/slingshot-agent-protocol/tests/agent_store_and_logical_execution_contract.rs	222	numeric-value-carries-no-name	100
crates/slingshot-agent-protocol/tests/event_stream_reset_contract.rs	11	numeric-value-carries-no-name	7
crates/slingshot-agent-protocol/tests/event_stream_reset_contract.rs	13	numeric-value-carries-no-name	8
crates/slingshot-agent-protocol/tests/event_stream_reset_contract.rs	20	declared-name-is-not-spelled-in-full	v
crates/slingshot-agent-protocol/tests/physical_job_missing_contract.rs	6	numeric-value-carries-no-name	8
crates/slingshot-agent-protocol/tests/physical_job_missing_contract.rs	11	declared-name-is-not-spelled-in-full	v
crates/slingshot-agent-protocol/tests/subscription_high_water_contract.rs	11	numeric-value-carries-no-name	7
crates/slingshot-agent-protocol/tests/subscription_high_water_contract.rs	17	declared-name-is-not-spelled-in-full	v
crates/slingshot-command-line/src/application.rs	1613	file-is-longer-than-the-ceiling	1613 lines
crates/slingshot-command-line/src/model_context_protocol/current_stateless_revision.rs	133	numeric-value-carries-no-name	32_002
crates/slingshot-command-line/src/model_context_protocol/standard_stream_transport.rs	77	fallible-interface-omits-its-failure-section	read_bounded_line
crates/slingshot-command-line/src/property_document.rs	119	function-branches-too-many-ways	require_unique_members reaches 18
crates/slingshot-command-line/tests/artifact_fetch.rs	218	function-branches-too-many-ways	stream_artifact reaches 11
crates/slingshot-command-line/tests/model_context_protocol_tool_arguments.rs	38	function-branches-too-many-ways	value_for reaches 18
crates/slingshot-command-line/tests/page_mutation_commands.rs	168	numeric-value-carries-no-name	2
crates/slingshot-command-line/tests/support/runtime_fixture.rs	3	exported-item-is-not-documented	prepare
crates/slingshot-command-line/tests/support/runtime_fixture.rs	8	numeric-value-carries-no-name	0o700
crates/slingshot-command-line/tests/support/runtime_fixture.rs	36	numeric-value-carries-no-name	0o600
crates/slingshot-command-line/tests/support/runtime_test_host.rs	17	numeric-value-carries-no-name	2
crates/slingshot-configuration/src/additional_certificate_authority.rs	161	numeric-value-carries-no-name	2
crates/slingshot-configuration/src/additional_certificate_authority.rs	162	numeric-value-carries-no-name	3
crates/slingshot-configuration/src/additional_certificate_authority.rs	162	numeric-value-carries-no-name	4
crates/slingshot-daemon/src/author_agent_operation_executor.rs	108	declared-name-is-not-spelled-in-full	a
crates/slingshot-daemon/src/author_agent_operation_executor.rs	109	declared-name-is-not-spelled-in-full	a
crates/slingshot-daemon/src/author_agent_operation_executor.rs	110	declared-name-is-not-spelled-in-full	a
crates/slingshot-daemon/src/author_agent_operation_executor.rs	111	declared-name-is-not-spelled-in-full	a
crates/slingshot-daemon/src/author_agent_operation_executor.rs	112	declared-name-is-not-spelled-in-full	a
crates/slingshot-daemon/src/author_agent_operation_executor.rs	115	declared-name-is-not-spelled-in-full	a
crates/slingshot-daemon/src/author_agent_operation_executor.rs	116	declared-name-is-not-spelled-in-full	a
crates/slingshot-daemon/src/author_agent_operation_executor.rs	117	declared-name-is-not-spelled-in-full	a
crates/slingshot-daemon/src/author_agent_operation_executor.rs	118	declared-name-is-not-spelled-in-full	a
crates/slingshot-daemon/src/author_agent_operation_executor.rs	124	declared-name-is-not-spelled-in-full	a
crates/slingshot-daemon/src/author_agent_operation_executor.rs	125	declared-name-is-not-spelled-in-full	a
crates/slingshot-daemon/src/author_agent_operation_executor.rs	126	declared-name-is-not-spelled-in-full	a
crates/slingshot-daemon/src/author_agent_operation_executor.rs	127	declared-name-is-not-spelled-in-full	a
crates/slingshot-daemon/src/author_agent_operation_executor.rs	140	declared-name-is-not-spelled-in-full	a
crates/slingshot-daemon/src/author_agent_operation_executor.rs	141	declared-name-is-not-spelled-in-full	a
crates/slingshot-daemon/src/author_agent_operation_executor.rs	142	declared-name-is-not-spelled-in-full	a
crates/slingshot-daemon/src/author_agent_operation_executor.rs	143	declared-name-is-not-spelled-in-full	a
crates/slingshot-daemon/src/author_agent_operation_executor.rs	144	declared-name-is-not-spelled-in-full	a
crates/slingshot-daemon/src/author_agent_operation_executor.rs	145	declared-name-is-not-spelled-in-full	a
crates/slingshot-daemon/src/author_agent_operation_executor.rs	148	declared-name-is-not-spelled-in-full	a
crates/slingshot-daemon/src/author_agent_operation_executor.rs	149	declared-name-is-not-spelled-in-full	a
crates/slingshot-daemon/src/author_agent_operation_executor.rs	150	declared-name-is-not-spelled-in-full	a
crates/slingshot-daemon/src/author_agent_operation_executor.rs	151	declared-name-is-not-spelled-in-full	a
crates/slingshot-daemon/src/author_agent_operation_executor.rs	152	declared-name-is-not-spelled-in-full	a
crates/slingshot-daemon/src/author_agent_operation_executor.rs	155	declared-name-is-not-spelled-in-full	a
crates/slingshot-daemon/src/author_agent_operation_executor.rs	156	declared-name-is-not-spelled-in-full	a
crates/slingshot-daemon/src/author_agent_operation_executor.rs	157	declared-name-is-not-spelled-in-full	a
crates/slingshot-daemon/src/author_agent_operation_executor.rs	158	declared-name-is-not-spelled-in-full	a
crates/slingshot-daemon/src/author_agent_operation_executor.rs	159	declared-name-is-not-spelled-in-full	a
crates/slingshot-daemon/src/author_agent_operation_executor.rs	221	declared-name-is-not-spelled-in-full	a
crates/slingshot-daemon/src/author_agent_operation_executor.rs	222	declared-name-is-not-spelled-in-full	a
crates/slingshot-daemon/src/author_agent_operation_executor.rs	223	declared-name-is-not-spelled-in-full	a
crates/slingshot-daemon/src/author_agent_operation_executor.rs	224	declared-name-is-not-spelled-in-full	a
crates/slingshot-daemon/src/author_agent_operation_executor.rs	225	declared-name-is-not-spelled-in-full	a
crates/slingshot-daemon/src/author_agent_operation_executor.rs	232	declared-name-is-not-spelled-in-full	a
crates/slingshot-daemon/src/author_agent_operation_executor.rs	233	declared-name-is-not-spelled-in-full	a
crates/slingshot-daemon/src/author_agent_operation_executor.rs	234	declared-name-is-not-spelled-in-full	a
crates/slingshot-daemon/src/author_agent_operation_executor.rs	235	declared-name-is-not-spelled-in-full	a
crates/slingshot-daemon/src/author_agent_operation_executor.rs	253	declared-name-is-not-spelled-in-full	a
crates/slingshot-daemon/src/author_agent_operation_executor.rs	254	declared-name-is-not-spelled-in-full	a
crates/slingshot-daemon/src/author_agent_operation_executor.rs	255	declared-name-is-not-spelled-in-full	a
crates/slingshot-daemon/src/author_agent_operation_executor.rs	256	declared-name-is-not-spelled-in-full	a
crates/slingshot-daemon/src/author_agent_operation_executor.rs	510	declared-name-is-not-spelled-in-full	a
crates/slingshot-daemon/src/author_agent_operation_executor.rs	511	declared-name-is-not-spelled-in-full	a
crates/slingshot-daemon/src/author_agent_operation_executor.rs	512	declared-name-is-not-spelled-in-full	a
crates/slingshot-daemon/src/author_agent_operation_executor.rs	513	declared-name-is-not-spelled-in-full	a
crates/slingshot-daemon/src/author_agent_operation_executor.rs	514	declared-name-is-not-spelled-in-full	a
crates/slingshot-daemon/src/author_agent_operation_executor.rs	515	declared-name-is-not-spelled-in-full	a
crates/slingshot-daemon/src/operation/artifact_completion.rs	31	numeric-value-carries-no-name	1_000_000
crates/slingshot-daemon/src/operation/artifact_completion.rs	50	numeric-value-carries-no-name	2
crates/slingshot-daemon/src/operation/artifact_completion.rs	100	fallible-interface-omits-its-failure-section	stage_remote_artifact
crates/slingshot-daemon/src/operation/artifact_completion.rs	137	fallible-interface-omits-its-failure-section	stage_remote_artifact_over
crates/slingshot-daemon/src/operation/artifact_completion.rs	171	fallible-interface-omits-its-failure-section	stage_remote_artifact_with_authentication
crates/slingshot-daemon/src/operation/artifact_completion.rs	203	function-branches-too-many-ways	stage_remote_artifact_started reaches 15
crates/slingshot-daemon/src/operation/artifact_completion.rs	360	fallible-interface-omits-its-failure-section	publish_retained_inline_snapshot
crates/slingshot-daemon/src/operation/artifact_completion.rs	388	fallible-interface-omits-its-failure-section	publish_retained_snapshot_result
crates/slingshot-daemon/src/operation/artifact_completion.rs	514	fallible-interface-omits-its-failure-section	complete_retained_snapshot_result
crates/slingshot-daemon/src/operation/artifact_completion.rs	551	fallible-interface-omits-its-failure-section	complete_retained_snapshot_result_over
crates/slingshot-daemon/src/operation/artifact_completion.rs	589	fallible-interface-omits-its-failure-section	complete_retained_snapshot_result_with_authentication
crates/slingshot-daemon/src/operation/artifact_completion.rs	589	function-branches-too-many-ways	complete_retained_snapshot_result_with_authentication reaches 15
crates/slingshot-daemon/src/operation/artifact_completion.rs	703	numeric-value-carries-no-name	1_000_000
crates/slingshot-daemon/src/operation/artifact_completion.rs	725	numeric-value-carries-no-name	1_000_000
crates/slingshot-daemon/src/operation/artifact_completion.rs	838	function-branches-too-many-ways	publish_inline reaches 24
crates/slingshot-daemon/src/operation/artifact_completion.rs	1115	file-is-longer-than-the-ceiling	1115 lines
crates/slingshot-daemon/src/operation/author_authentication.rs	55	declared-name-is-not-spelled-in-full	fmt
crates/slingshot-daemon/src/operation/author_authentication.rs	62	declared-name-is-not-spelled-in-full	a
crates/slingshot-daemon/src/operation/author_authentication.rs	68	declared-name-is-not-spelled-in-full	a
crates/slingshot-daemon/src/operation/author_authentication.rs	94	declared-name-is-not-spelled-in-full	R
crates/slingshot-daemon/src/operation/durable_author_event.rs	44	function-branches-too-many-ways	fold_selected_event reaches 17
crates/slingshot-daemon/src/operation/durable_author_submission.rs	55	declared-name-is-not-spelled-in-full	fmt
crates/slingshot-daemon/src/operation/durable_author_submission.rs	64	fallible-interface-omits-its-failure-section	send
crates/slingshot-daemon/src/operation/durable_author_submission.rs	85	fallible-interface-omits-its-failure-section	send_over
crates/slingshot-daemon/src/operation/durable_author_submission.rs	106	fallible-interface-omits-its-failure-section	send_with_authentication
crates/slingshot-daemon/src/operation/durable_author_submission.rs	188	fallible-interface-omits-its-failure-section	prepare_initial_submission
crates/slingshot-daemon/src/operation/durable_author_submission.rs	271	fallible-interface-omits-its-failure-section	submit_initial
crates/slingshot-daemon/src/operation/durable_author_submission.rs	297	fallible-interface-omits-its-failure-section	submit_initial_over
crates/slingshot-daemon/src/operation/durable_author_submission.rs	324	fallible-interface-omits-its-failure-section	submit_initial_with_authentication
crates/slingshot-daemon/src/operation/generation_loss_probe.rs	36	declared-name-is-not-spelled-in-full	fmt
crates/slingshot-daemon/src/operation/generation_loss_probe.rs	47	fallible-interface-omits-its-failure-section	into_result
crates/slingshot-daemon/src/operation/generation_loss_probe.rs	49	numeric-value-carries-no-name	1_000_000
crates/slingshot-daemon/src/operation/generation_loss_probe.rs	74	declared-name-is-not-spelled-in-full	fmt
crates/slingshot-daemon/src/operation/generation_loss_probe.rs	91	fallible-interface-omits-its-failure-section	defer_unanswered
crates/slingshot-daemon/src/operation/generation_loss_probe.rs	143	fallible-interface-omits-its-failure-section	settle_unavailable
crates/slingshot-daemon/src/operation/generation_loss_probe.rs	175	fallible-interface-omits-its-failure-section	reconcile_recovered
crates/slingshot-daemon/src/operation/generation_loss_probe.rs	202	fallible-interface-omits-its-failure-section	reconcile_saved
crates/slingshot-daemon/src/operation/generation_loss_probe.rs	276	fallible-interface-omits-its-failure-section	probe_generation_loss
crates/slingshot-daemon/src/operation/generation_loss_probe.rs	298	fallible-interface-omits-its-failure-section	probe_generation_loss_with_authentication
crates/slingshot-daemon/src/operation/generation_loss_probe.rs	298	function-branches-too-many-ways	probe_generation_loss_with_authentication reaches 15
crates/slingshot-daemon/src/operation/generation_loss_probe.rs	347	numeric-value-carries-no-name	2
crates/slingshot-daemon/src/operation/generation_loss_probe.rs	394	function-branches-too-many-ways	classify reaches 25
crates/slingshot-daemon/src/operation/generation_loss_probe.rs	439	numeric-value-carries-no-name	2
crates/slingshot-daemon/src/operation/generation_recovery_dispatch.rs	35	declared-name-is-not-spelled-in-full	f
crates/slingshot-daemon/src/operation/generation_recovery_dispatch.rs	35	declared-name-is-not-spelled-in-full	fmt
crates/slingshot-daemon/src/operation/generation_recovery_dispatch.rs	63	declared-name-is-not-spelled-in-full	f
crates/slingshot-daemon/src/operation/generation_recovery_dispatch.rs	63	declared-name-is-not-spelled-in-full	fmt
crates/slingshot-daemon/src/operation/generation_recovery_dispatch.rs	71	fallible-interface-omits-its-failure-section	new
crates/slingshot-daemon/src/operation/generation_recovery_dispatch.rs	96	fallible-interface-omits-its-failure-section	new_with_authentication
crates/slingshot-daemon/src/operation/generation_recovery_dispatch.rs	96	function-branches-too-many-ways	new_with_authentication reaches 11
crates/slingshot-daemon/src/operation/generation_recovery_dispatch.rs	189	fallible-interface-omits-its-failure-section	run
crates/slingshot-daemon/src/operation/generation_recovery_dispatch.rs	223	numeric-value-carries-no-name	1_000_000
crates/slingshot-daemon/src/operation/selected_event_attachment.rs	37	declared-name-is-not-spelled-in-full	fmt
crates/slingshot-daemon/src/operation/selected_event_attachment.rs	77	fallible-interface-omits-its-failure-section	attach_selected_events_with_authentication
crates/slingshot-daemon/src/operation/selected_event_attachment.rs	77	function-branches-too-many-ways	attach_selected_events_with_authentication reaches 14
crates/slingshot-daemon/src/operation/selected_event_attachment.rs	175	numeric-value-carries-no-name	1_000_000
crates/slingshot-daemon/src/operation/subscription_reset.rs	53	declared-name-is-not-spelled-in-full	fmt
crates/slingshot-daemon/src/operation/subscription_reset.rs	72	declared-name-is-not-spelled-in-full	fmt
crates/slingshot-daemon/src/operation/subscription_reset.rs	86	fallible-interface-omits-its-failure-section	reconcile
crates/slingshot-daemon/src/operation/subscription_reset.rs	109	fallible-interface-omits-its-failure-section	reconcile_saved
crates/slingshot-daemon/src/operation/subscription_reset.rs	167	fallible-interface-omits-its-failure-section	finish_generation_reset
crates/slingshot-daemon/src/operation/subscription_reset.rs	214	function-branches-too-many-ways	restore reaches 12
crates/slingshot-daemon/src/operation/subscription_reset.rs	278	numeric-value-carries-no-name	1_000_000
crates/slingshot-daemon/src/operation/subscription_reset.rs	285	fallible-interface-omits-its-failure-section	reset_active_subscription
crates/slingshot-daemon/src/operation/subscription_reset.rs	309	fallible-interface-omits-its-failure-section	reset_active_subscription_with_authentication
crates/slingshot-daemon/src/operation/subscription_reset.rs	309	function-branches-too-many-ways	reset_active_subscription_with_authentication reaches 15
crates/slingshot-daemon/src/operation/terminal_event_recovery.rs	39	declared-name-is-not-spelled-in-full	fmt
crates/slingshot-daemon/src/operation/terminal_event_recovery.rs	44	function-branches-too-many-ways	capture reaches 17
crates/slingshot-daemon/src/operation/terminal_event_recovery.rs	198	numeric-value-carries-no-name	1_000_000
crates/slingshot-daemon/src/operation/terminal_event_recovery.rs	249	fallible-interface-omits-its-failure-section	reconcile_saved
crates/slingshot-daemon/src/operation/terminal_event_recovery.rs	262	function-branches-too-many-ways	reconcile_using reaches 12
crates/slingshot-daemon/src/operation/terminal_event_recovery.rs	324	numeric-value-carries-no-name	1_000_000
crates/slingshot-daemon/src/operation/terminal_event_recovery.rs	332	numeric-value-carries-no-name	1_000_000
crates/slingshot-daemon/src/operation_dispatch.rs	157	numeric-value-carries-no-name	2
crates/slingshot-daemon/src/operation_dispatch.rs	158	numeric-value-carries-no-name	2
crates/slingshot-daemon/src/operation_dispatch.rs	159	numeric-value-carries-no-name	2
crates/slingshot-daemon/src/operation_dispatch.rs	194	numeric-value-carries-no-name	2
crates/slingshot-daemon/src/operation_dispatch.rs	322	numeric-value-carries-no-name	2
crates/slingshot-daemon/src/operation_dispatch.rs	379	numeric-value-carries-no-name	2
crates/slingshot-daemon/src/operation_dispatch.rs	438	numeric-value-carries-no-name	2
crates/slingshot-daemon/src/operation_dispatch.rs	492	numeric-value-carries-no-name	2
crates/slingshot-daemon/src/operation_dispatch.rs	544	numeric-value-carries-no-name	2
crates/slingshot-daemon/src/operation_dispatch.rs	683	numeric-value-carries-no-name	2
crates/slingshot-daemon/src/operation_dispatch.rs	736	numeric-value-carries-no-name	3
crates/slingshot-daemon/src/operation_dispatch.rs	830	numeric-value-carries-no-name	2
crates/slingshot-daemon/src/operation_dispatch/listing.rs	61	function-branches-too-many-ways	decode reaches 12
crates/slingshot-daemon/src/operation_dispatch/listing.rs	235	numeric-value-carries-no-name	2
crates/slingshot-daemon/src/operation_dispatch/listing.rs	236	numeric-value-carries-no-name	2
crates/slingshot-daemon/src/operation_dispatch/listing.rs	237	numeric-value-carries-no-name	7
crates/slingshot-daemon/src/operation_dispatch/listing.rs	242	numeric-value-carries-no-name	7
crates/slingshot-daemon/src/operation_dispatch/listing.rs	260	numeric-value-carries-no-name	2
crates/slingshot-daemon/src/operation_dispatch/listing.rs	269	numeric-value-carries-no-name	2
crates/slingshot-daemon/src/operation_dispatch/result.rs	37	function-branches-too-many-ways	settled_answer reaches 20
crates/slingshot-daemon/src/operation_dispatch/tests/results.rs	63	numeric-value-carries-no-name	3
crates/slingshot-daemon/src/operation_dispatch/tests/results.rs	66	numeric-value-carries-no-name	2
crates/slingshot-daemon/src/operation_dispatch/tests/results.rs	80	numeric-value-carries-no-name	4
crates/slingshot-daemon/src/operation_dispatch/tests/results.rs	83	numeric-value-carries-no-name	2
crates/slingshot-daemon/src/operation_dispatch/tests/results.rs	127	numeric-value-carries-no-name	2
crates/slingshot-daemon/src/operation_dispatch/tests/results.rs	155	numeric-value-carries-no-name	3
crates/slingshot-daemon/src/operation_dispatch/tests/results.rs	158	numeric-value-carries-no-name	2
crates/slingshot-daemon/src/operation_dispatch/tests/results.rs	205	numeric-value-carries-no-name	2
crates/slingshot-daemon/src/operation_dispatch/tests/results.rs	240	numeric-value-carries-no-name	2
crates/slingshot-daemon/src/operation_dispatch/tests/results.rs	324	numeric-value-carries-no-name	2
crates/slingshot-daemon/src/operation_dispatch/tests/results.rs	348	numeric-value-carries-no-name	2
crates/slingshot-daemon/src/operation_dispatch/tests/results.rs	399	numeric-value-carries-no-name	2
crates/slingshot-daemon/src/operation_dispatch/tests/results.rs	603	numeric-value-carries-no-name	2
crates/slingshot-daemon/src/operation_dispatch/tests/results.rs	606	numeric-value-carries-no-name	2
crates/slingshot-daemon/src/operation_dispatch/tests/results.rs	648	numeric-value-carries-no-name	2
crates/slingshot-daemon/src/operation_dispatch/wait.rs	19	function-branches-too-many-ways	wait reaches 13
crates/slingshot-daemon/src/operation_submission.rs	227	fallible-interface-omits-its-failure-section	settle_with_scheduler_fence
crates/slingshot-daemon/src/runtime_builder/publication_recovery.rs	25	declared-name-is-not-spelled-in-full	a
crates/slingshot-daemon/src/runtime_builder/publication_recovery.rs	28	declared-name-is-not-spelled-in-full	a
crates/slingshot-daemon/src/runtime_builder/publication_recovery.rs	91	numeric-value-carries-no-name	2
crates/slingshot-daemon/src/runtime_builder/publication_recovery.rs	92	numeric-value-carries-no-name	7
crates/slingshot-daemon/tests/author_agent_conformance.rs	460	numeric-value-carries-no-name	96
crates/slingshot-daemon/tests/author_agent_operation_executor.rs	95	declared-name-is-not-spelled-in-full	a
crates/slingshot-daemon/tests/author_agent_operation_executor.rs	96	declared-name-is-not-spelled-in-full	a
crates/slingshot-daemon/tests/author_agent_operation_executor.rs	97	declared-name-is-not-spelled-in-full	a
crates/slingshot-daemon/tests/author_agent_operation_executor.rs	98	declared-name-is-not-spelled-in-full	a
crates/slingshot-daemon/tests/author_agent_operation_executor.rs	99	declared-name-is-not-spelled-in-full	a
crates/slingshot-daemon/tests/author_agent_operation_executor.rs	107	declared-name-is-not-spelled-in-full	a
crates/slingshot-daemon/tests/author_agent_operation_executor.rs	108	declared-name-is-not-spelled-in-full	a
crates/slingshot-daemon/tests/author_agent_operation_executor.rs	109	declared-name-is-not-spelled-in-full	a
crates/slingshot-daemon/tests/author_agent_operation_executor.rs	110	declared-name-is-not-spelled-in-full	a
crates/slingshot-daemon/tests/author_agent_operation_executor.rs	117	declared-name-is-not-spelled-in-full	a
crates/slingshot-daemon/tests/author_agent_operation_executor.rs	118	declared-name-is-not-spelled-in-full	a
crates/slingshot-daemon/tests/author_agent_operation_executor.rs	119	declared-name-is-not-spelled-in-full	a
crates/slingshot-daemon/tests/author_agent_operation_executor.rs	120	declared-name-is-not-spelled-in-full	a
crates/slingshot-daemon/tests/author_agent_operation_executor.rs	402	numeric-value-carries-no-name	3
crates/slingshot-daemon/tests/author_agent_operation_executor.rs	405	numeric-value-carries-no-name	234
crates/slingshot-daemon/tests/author_agent_operation_executor.rs	406	numeric-value-carries-no-name	567
crates/slingshot-daemon/tests/author_agent_operation_executor.rs	449	numeric-value-carries-no-name	7
crates/slingshot-daemon/tests/author_agent_operation_executor.rs	452	numeric-value-carries-no-name	1234
crates/slingshot-daemon/tests/author_agent_operation_executor.rs	453	numeric-value-carries-no-name	987654
crates/slingshot-daemon/tests/author_agent_operation_executor.rs	588	numeric-value-carries-no-name	4
crates/slingshot-daemon/tests/author_agent_operation_executor.rs	591	numeric-value-carries-no-name	2345
crates/slingshot-daemon/tests/author_agent_operation_executor.rs	592	numeric-value-carries-no-name	6789
crates/slingshot-daemon/tests/author_agent_operation_executor.rs	636	numeric-value-carries-no-name	6
crates/slingshot-daemon/tests/bound_author_result.rs	42	numeric-value-carries-no-name	262144
crates/slingshot-daemon/tests/bound_author_result.rs	70	numeric-value-carries-no-name	7
crates/slingshot-daemon/tests/bound_author_result.rs	111	numeric-value-carries-no-name	1000
crates/slingshot-daemon/tests/bound_author_result.rs	155	numeric-value-carries-no-name	262144
crates/slingshot-daemon/tests/bound_author_result.rs	163	numeric-value-carries-no-name	1000
crates/slingshot-daemon/tests/bound_author_result.rs	179	numeric-value-carries-no-name	2
crates/slingshot-daemon/tests/bound_author_result.rs	181	numeric-value-carries-no-name	2
crates/slingshot-daemon/tests/bound_author_result.rs	285	numeric-value-carries-no-name	1000
crates/slingshot-daemon/tests/bound_author_result.rs	316	numeric-value-carries-no-name	262144
crates/slingshot-daemon/tests/bound_author_result.rs	340	numeric-value-carries-no-name	120000
crates/slingshot-daemon/tests/bound_author_result.rs	344	numeric-value-carries-no-name	2
crates/slingshot-daemon/tests/bound_author_result.rs	393	numeric-value-carries-no-name	262144
crates/slingshot-daemon/tests/bound_author_result.rs	408	numeric-value-carries-no-name	2
crates/slingshot-daemon/tests/bound_author_result.rs	412	numeric-value-carries-no-name	2001
crates/slingshot-daemon/tests/bound_author_result.rs	494	numeric-value-carries-no-name	7
crates/slingshot-daemon/tests/bound_author_result.rs	559	numeric-value-carries-no-name	129
crates/slingshot-daemon/tests/durable_idempotent_submission.rs	191	numeric-value-carries-no-name	9
crates/slingshot-daemon/tests/durable_idempotent_submission.rs	211	numeric-value-carries-no-name	2
crates/slingshot-daemon/tests/durable_idempotent_submission.rs	212	numeric-value-carries-no-name	2
crates/slingshot-daemon/tests/operation_submission.rs	84	numeric-value-carries-no-name	1000
crates/slingshot-daemon/tests/operation_submission.rs	107	numeric-value-carries-no-name	2
crates/slingshot-daemon/tests/operation_submission.rs	108	numeric-value-carries-no-name	40000
crates/slingshot-daemon/tests/operation_submission.rs	160	numeric-value-carries-no-name	40000
crates/slingshot-daemon/tests/operation_submission.rs	177	numeric-value-carries-no-name	40001
crates/slingshot-daemon/tests/recovery_and_event_supervisor.rs	271	numeric-value-carries-no-name	10
crates/slingshot-daemon/tests/recovery_and_event_supervisor.rs	276	numeric-value-carries-no-name	10
crates/slingshot-daemon/tests/runtime_waiters.rs	26	numeric-value-carries-no-name	2
crates/slingshot-daemon/tests/runtime_waiters.rs	32	numeric-value-carries-no-name	2
crates/slingshot-daemon/tests/runtime_waiters.rs	42	numeric-value-carries-no-name	3
crates/slingshot-daemon/tests/runtime_waiters.rs	43	numeric-value-carries-no-name	2
crates/slingshot-daemon/tests/runtime_waiters.rs	45	numeric-value-carries-no-name	4
crates/slingshot-daemon/tests/runtime_waiters.rs	46	numeric-value-carries-no-name	4
crates/slingshot-daemon/tests/runtime_waiters.rs	58	numeric-value-carries-no-name	4
crates/slingshot-daemon/tests/selected_submission_admission.rs	89	numeric-value-carries-no-name	2
crates/slingshot-daemon/tests/selected_submission_admission.rs	108	numeric-value-carries-no-name	2
crates/slingshot-daemon/tests/selected_submission_admission.rs	188	numeric-value-carries-no-name	262144
crates/slingshot-daemon/tests/selected_submission_admission.rs	216	numeric-value-carries-no-name	7
crates/slingshot-daemon/tests/selected_submission_admission.rs	265	numeric-value-carries-no-name	42
crates/slingshot-daemon/tests/selected_submission_admission.rs	353	numeric-value-carries-no-name	262144
crates/slingshot-daemon/tests/selected_submission_admission.rs	372	function-branches-too-many-ways	runtime_builder_establishes_and_reopens_only_ledger_bound_state reaches 15
crates/slingshot-daemon/tests/selected_submission_admission.rs	421	numeric-value-carries-no-name	262144
crates/slingshot-daemon/tests/selected_submission_admission.rs	444	numeric-value-carries-no-name	1000
crates/slingshot-daemon/tests/selected_submission_admission.rs	446	numeric-value-carries-no-name	1000
crates/slingshot-daemon/tests/selected_submission_admission.rs	479	numeric-value-carries-no-name	1000
crates/slingshot-daemon/tests/selected_submission_admission.rs	498	numeric-value-carries-no-name	123
crates/slingshot-daemon/tests/selected_submission_admission.rs	546	numeric-value-carries-no-name	0o600
crates/slingshot-daemon/tests/selected_submission_admission.rs	660	numeric-value-carries-no-name	4
crates/slingshot-daemon/tests/selected_submission_admission.rs	753	numeric-value-carries-no-name	262144
crates/slingshot-daemon/tests/selected_submission_admission.rs	794	function-branches-too-many-ways	selected_live_events_commit_only_the_believed_prefix reaches 97
crates/slingshot-daemon/tests/selected_submission_admission.rs	832	numeric-value-carries-no-name	5
crates/slingshot-daemon/tests/selected_submission_admission.rs	869	numeric-value-carries-no-name	3
crates/slingshot-daemon/tests/selected_submission_admission.rs	897	numeric-value-carries-no-name	262144
crates/slingshot-daemon/tests/selected_submission_admission.rs	910	numeric-value-carries-no-name	1000
crates/slingshot-daemon/tests/selected_submission_admission.rs	910	numeric-value-carries-no-name	7
crates/slingshot-daemon/tests/selected_submission_admission.rs	913	numeric-value-carries-no-name	7
crates/slingshot-daemon/tests/selected_submission_admission.rs	925	numeric-value-carries-no-name	1000
crates/slingshot-daemon/tests/selected_submission_admission.rs	932	numeric-value-carries-no-name	7
crates/slingshot-daemon/tests/selected_submission_admission.rs	940	numeric-value-carries-no-name	1000
crates/slingshot-daemon/tests/selected_submission_admission.rs	975	numeric-value-carries-no-name	2
crates/slingshot-daemon/tests/selected_submission_admission.rs	976	numeric-value-carries-no-name	40
crates/slingshot-daemon/tests/selected_submission_admission.rs	981	numeric-value-carries-no-name	1000
crates/slingshot-daemon/tests/selected_submission_admission.rs	990	numeric-value-carries-no-name	1000
crates/slingshot-daemon/tests/selected_submission_admission.rs	990	numeric-value-carries-no-name	1_000_000
crates/slingshot-daemon/tests/selected_submission_admission.rs	991	numeric-value-carries-no-name	1000
crates/slingshot-daemon/tests/selected_submission_admission.rs	1001	numeric-value-carries-no-name	2
crates/slingshot-daemon/tests/selected_submission_admission.rs	1018	numeric-value-carries-no-name	41
crates/slingshot-daemon/tests/selected_submission_admission.rs	1020	numeric-value-carries-no-name	2
crates/slingshot-daemon/tests/selected_submission_admission.rs	1038	numeric-value-carries-no-name	39
crates/slingshot-daemon/tests/selected_submission_admission.rs	1041	numeric-value-carries-no-name	9
crates/slingshot-daemon/tests/selected_submission_admission.rs	1046	numeric-value-carries-no-name	16
crates/slingshot-daemon/tests/selected_submission_admission.rs	1047	numeric-value-carries-no-name	8
crates/slingshot-daemon/tests/selected_submission_admission.rs	1108	numeric-value-carries-no-name	4
crates/slingshot-daemon/tests/selected_submission_admission.rs	1114	numeric-value-carries-no-name	3
crates/slingshot-daemon/tests/selected_submission_admission.rs	1129	numeric-value-carries-no-name	7
crates/slingshot-daemon/tests/selected_submission_admission.rs	1159	numeric-value-carries-no-name	1001
crates/slingshot-daemon/tests/selected_submission_admission.rs	1179	numeric-value-carries-no-name	1000
crates/slingshot-daemon/tests/selected_submission_admission.rs	1206	numeric-value-carries-no-name	4
crates/slingshot-daemon/tests/selected_submission_admission.rs	1211	numeric-value-carries-no-name	7
crates/slingshot-daemon/tests/selected_submission_admission.rs	1220	numeric-value-carries-no-name	3
crates/slingshot-daemon/tests/selected_submission_admission.rs	1225	numeric-value-carries-no-name	7
crates/slingshot-daemon/tests/selected_submission_admission.rs	1239	numeric-value-carries-no-name	7
crates/slingshot-daemon/tests/selected_submission_admission.rs	1251	numeric-value-carries-no-name	7
crates/slingshot-daemon/tests/selected_submission_admission.rs	1261	numeric-value-carries-no-name	5
crates/slingshot-daemon/tests/selected_submission_admission.rs	1312	numeric-value-carries-no-name	2
crates/slingshot-daemon/tests/selected_submission_admission.rs	1366	numeric-value-carries-no-name	1002
crates/slingshot-daemon/tests/selected_submission_admission.rs	1372	numeric-value-carries-no-name	1002
crates/slingshot-daemon/tests/selected_submission_admission.rs	1434	numeric-value-carries-no-name	39
crates/slingshot-daemon/tests/selected_submission_admission.rs	1438	numeric-value-carries-no-name	9
crates/slingshot-daemon/tests/selected_submission_admission.rs	1443	numeric-value-carries-no-name	16
crates/slingshot-daemon/tests/selected_submission_admission.rs	1444	numeric-value-carries-no-name	8
crates/slingshot-daemon/tests/selected_submission_admission.rs	1507	numeric-value-carries-no-name	5
crates/slingshot-daemon/tests/selected_submission_admission.rs	1797	numeric-value-carries-no-name	41
crates/slingshot-daemon/tests/selected_submission_admission.rs	1806	numeric-value-carries-no-name	39
crates/slingshot-daemon/tests/selected_submission_admission.rs	1809	numeric-value-carries-no-name	9
crates/slingshot-daemon/tests/selected_submission_admission.rs	1813	numeric-value-carries-no-name	16
crates/slingshot-daemon/tests/selected_submission_admission.rs	1814	numeric-value-carries-no-name	8
crates/slingshot-daemon/tests/selected_submission_admission.rs	1865	numeric-value-carries-no-name	5
crates/slingshot-daemon/tests/selected_submission_admission.rs	2006	numeric-value-carries-no-name	1002
crates/slingshot-daemon/tests/selected_submission_admission.rs	2025	numeric-value-carries-no-name	4
crates/slingshot-daemon/tests/selected_submission_admission.rs	2039	numeric-value-carries-no-name	2
crates/slingshot-daemon/tests/selected_submission_admission.rs	2142	function-branches-too-many-ways	subscription_reset_stages_two_authenticated_snapshots_before_atomic_installation reaches 142
crates/slingshot-daemon/tests/selected_submission_admission.rs	2170	numeric-value-carries-no-name	5
crates/slingshot-daemon/tests/selected_submission_admission.rs	2249	numeric-value-carries-no-name	262144
crates/slingshot-daemon/tests/selected_submission_admission.rs	2261	numeric-value-carries-no-name	1000
crates/slingshot-daemon/tests/selected_submission_admission.rs	2261	numeric-value-carries-no-name	7
crates/slingshot-daemon/tests/selected_submission_admission.rs	2263	numeric-value-carries-no-name	7
crates/slingshot-daemon/tests/selected_submission_admission.rs	2267	numeric-value-carries-no-name	3
crates/slingshot-daemon/tests/selected_submission_admission.rs	2270	numeric-value-carries-no-name	1000
crates/slingshot-daemon/tests/selected_submission_admission.rs	2272	numeric-value-carries-no-name	1000
crates/slingshot-daemon/tests/selected_submission_admission.rs	2274	numeric-value-carries-no-name	2
crates/slingshot-daemon/tests/selected_submission_admission.rs	2287	numeric-value-carries-no-name	1000
crates/slingshot-daemon/tests/selected_submission_admission.rs	2294	numeric-value-carries-no-name	7
crates/slingshot-daemon/tests/selected_submission_admission.rs	2302	numeric-value-carries-no-name	1000
crates/slingshot-daemon/tests/selected_submission_admission.rs	2328	numeric-value-carries-no-name	1000
crates/slingshot-daemon/tests/selected_submission_admission.rs	2328	numeric-value-carries-no-name	120000
crates/slingshot-daemon/tests/selected_submission_admission.rs	2345	numeric-value-carries-no-name	3
crates/slingshot-daemon/tests/selected_submission_admission.rs	2345	numeric-value-carries-no-name	4
crates/slingshot-daemon/tests/selected_submission_admission.rs	2348	numeric-value-carries-no-name	10
crates/slingshot-daemon/tests/selected_submission_admission.rs	2350	numeric-value-carries-no-name	120000
crates/slingshot-daemon/tests/selected_submission_admission.rs	2351	numeric-value-carries-no-name	1000
crates/slingshot-daemon/tests/selected_submission_admission.rs	2368	numeric-value-carries-no-name	1000
crates/slingshot-daemon/tests/selected_submission_admission.rs	2368	numeric-value-carries-no-name	50
crates/slingshot-daemon/tests/selected_submission_admission.rs	2369	numeric-value-carries-no-name	1000
crates/slingshot-daemon/tests/selected_submission_admission.rs	2419	numeric-value-carries-no-name	1000
crates/slingshot-daemon/tests/selected_submission_admission.rs	2446	numeric-value-carries-no-name	3
crates/slingshot-daemon/tests/selected_submission_admission.rs	2457	numeric-value-carries-no-name	39
crates/slingshot-daemon/tests/selected_submission_admission.rs	2461	numeric-value-carries-no-name	9
crates/slingshot-daemon/tests/selected_submission_admission.rs	2466	numeric-value-carries-no-name	16
crates/slingshot-daemon/tests/selected_submission_admission.rs	2467	numeric-value-carries-no-name	8
crates/slingshot-daemon/tests/selected_submission_admission.rs	2507	numeric-value-carries-no-name	2
crates/slingshot-daemon/tests/selected_submission_admission.rs	2536	numeric-value-carries-no-name	409
crates/slingshot-daemon/tests/selected_submission_admission.rs	2543	numeric-value-carries-no-name	404
crates/slingshot-daemon/tests/selected_submission_admission.rs	2553	numeric-value-carries-no-name	2
crates/slingshot-daemon/tests/selected_submission_admission.rs	2556	numeric-value-carries-no-name	2
crates/slingshot-daemon/tests/selected_submission_admission.rs	2560	numeric-value-carries-no-name	2
crates/slingshot-daemon/tests/selected_submission_admission.rs	2564	numeric-value-carries-no-name	2
crates/slingshot-daemon/tests/selected_submission_admission.rs	2572	numeric-value-carries-no-name	200
crates/slingshot-daemon/tests/selected_submission_admission.rs	2574	numeric-value-carries-no-name	2
crates/slingshot-daemon/tests/selected_submission_admission.rs	2577	numeric-value-carries-no-name	404
crates/slingshot-daemon/tests/selected_submission_admission.rs	2578	numeric-value-carries-no-name	2
crates/slingshot-daemon/tests/selected_submission_admission.rs	2590	numeric-value-carries-no-name	410
crates/slingshot-daemon/tests/selected_submission_admission.rs	2592	numeric-value-carries-no-name	2
crates/slingshot-daemon/tests/selected_submission_admission.rs	2595	numeric-value-carries-no-name	2
crates/slingshot-daemon/tests/selected_submission_admission.rs	2598	numeric-value-carries-no-name	2
crates/slingshot-daemon/tests/selected_submission_admission.rs	2606	numeric-value-carries-no-name	200
crates/slingshot-daemon/tests/selected_submission_admission.rs	2609	numeric-value-carries-no-name	2
crates/slingshot-daemon/tests/selected_submission_admission.rs	2617	numeric-value-carries-no-name	3
crates/slingshot-daemon/tests/selected_submission_admission.rs	2628	numeric-value-carries-no-name	2
crates/slingshot-daemon/tests/selected_submission_admission.rs	2649	numeric-value-carries-no-name	4
crates/slingshot-daemon/tests/selected_submission_admission.rs	2655	numeric-value-carries-no-name	3
crates/slingshot-daemon/tests/selected_submission_admission.rs	2668	numeric-value-carries-no-name	3
crates/slingshot-daemon/tests/selected_submission_admission.rs	2671	numeric-value-carries-no-name	1000
crates/slingshot-daemon/tests/selected_submission_admission.rs	2681	numeric-value-carries-no-name	1000
crates/slingshot-daemon/tests/selected_submission_admission.rs	2689	numeric-value-carries-no-name	5
crates/slingshot-daemon/tests/selected_submission_admission.rs	2716	numeric-value-carries-no-name	4
crates/slingshot-daemon/tests/selected_submission_admission.rs	2733	numeric-value-carries-no-name	2
crates/slingshot-daemon/tests/selected_submission_admission.rs	2802	numeric-value-carries-no-name	1000
crates/slingshot-daemon/tests/selected_submission_admission.rs	2839	numeric-value-carries-no-name	1000
crates/slingshot-daemon/tests/selected_submission_admission.rs	2839	numeric-value-carries-no-name	900
crates/slingshot-daemon/tests/selected_submission_admission.rs	2855	numeric-value-carries-no-name	2
crates/slingshot-daemon/tests/selected_submission_admission.rs	2859	numeric-value-carries-no-name	1000
crates/slingshot-daemon/tests/selected_submission_admission.rs	2927	numeric-value-carries-no-name	1000
crates/slingshot-daemon/tests/selected_submission_admission.rs	2951	numeric-value-carries-no-name	1000
crates/slingshot-daemon/tests/selected_submission_admission.rs	2975	numeric-value-carries-no-name	1000
crates/slingshot-daemon/tests/selected_submission_admission.rs	3011	numeric-value-carries-no-name	1000
crates/slingshot-daemon/tests/selected_submission_admission.rs	3056	numeric-value-carries-no-name	1000
crates/slingshot-daemon/tests/selected_submission_admission.rs	3106	numeric-value-carries-no-name	10
crates/slingshot-daemon/tests/selected_submission_admission.rs	3301	numeric-value-carries-no-name	1000
crates/slingshot-daemon/tests/selected_submission_admission.rs	3304	numeric-value-carries-no-name	1000
crates/slingshot-daemon/tests/selected_submission_admission.rs	3310	numeric-value-carries-no-name	600
crates/slingshot-daemon/tests/selected_submission_admission.rs	3316	numeric-value-carries-no-name	3
crates/slingshot-daemon/tests/selected_submission_admission.rs	3736	function-branches-too-many-ways	retained_artifact_completion_case reaches 109
crates/slingshot-daemon/tests/selected_submission_admission.rs	3747	numeric-value-carries-no-name	39
crates/slingshot-daemon/tests/selected_submission_admission.rs	3751	numeric-value-carries-no-name	9
crates/slingshot-daemon/tests/selected_submission_admission.rs	3757	numeric-value-carries-no-name	16
crates/slingshot-daemon/tests/selected_submission_admission.rs	3757	numeric-value-carries-no-name	8
crates/slingshot-daemon/tests/selected_submission_admission.rs	3972	numeric-value-carries-no-name	7
crates/slingshot-daemon/tests/selected_submission_admission.rs	3988	numeric-value-carries-no-name	262144
crates/slingshot-daemon/tests/selected_submission_admission.rs	4001	numeric-value-carries-no-name	1000
crates/slingshot-daemon/tests/selected_submission_admission.rs	4004	numeric-value-carries-no-name	1000
crates/slingshot-daemon/tests/selected_submission_admission.rs	4097	numeric-value-carries-no-name	10
crates/slingshot-daemon/tests/selected_submission_admission.rs	4255	numeric-value-carries-no-name	2
crates/slingshot-daemon/tests/selected_submission_admission.rs	4260	numeric-value-carries-no-name	120000
crates/slingshot-daemon/tests/selected_submission_admission.rs	4276	numeric-value-carries-no-name	3000
crates/slingshot-daemon/tests/selected_submission_admission.rs	4304	numeric-value-carries-no-name	2
crates/slingshot-daemon/tests/selected_submission_admission.rs	4314	numeric-value-carries-no-name	5
crates/slingshot-daemon/tests/selected_submission_admission.rs	4498	numeric-value-carries-no-name	2002
crates/slingshot-daemon/tests/selected_submission_admission.rs	4523	numeric-value-carries-no-name	2
crates/slingshot-daemon/tests/selected_submission_admission.rs	4539	numeric-value-carries-no-name	2001
crates/slingshot-daemon/tests/selected_submission_admission.rs	4560	numeric-value-carries-no-name	5
crates/slingshot-daemon/tests/selected_submission_admission.rs	4609	numeric-value-carries-no-name	999999
crates/slingshot-daemon/tests/selected_submission_admission.rs	4747	numeric-value-carries-no-name	30
crates/slingshot-daemon/tests/selected_submission_admission.rs	4766	numeric-value-carries-no-name	2001
crates/slingshot-daemon/tests/selected_submission_admission.rs	4771	numeric-value-carries-no-name	30
crates/slingshot-daemon/tests/selected_submission_admission.rs	4775	numeric-value-carries-no-name	5
crates/slingshot-daemon/tests/selected_submission_admission.rs	4877	numeric-value-carries-no-name	3000
crates/slingshot-daemon/tests/selected_submission_admission.rs	4931	function-branches-too-many-ways	remote_staging_reserves_first_and_never_publishes_unproved_bytes reaches 22
crates/slingshot-daemon/tests/selected_submission_admission.rs	4984	numeric-value-carries-no-name	7
crates/slingshot-daemon/tests/selected_submission_admission.rs	4994	numeric-value-carries-no-name	3
crates/slingshot-daemon/tests/selected_submission_admission.rs	5013	numeric-value-carries-no-name	262144
crates/slingshot-daemon/tests/selected_submission_admission.rs	5079	numeric-value-carries-no-name	39
crates/slingshot-daemon/tests/selected_submission_admission.rs	5083	numeric-value-carries-no-name	9
crates/slingshot-daemon/tests/selected_submission_admission.rs	5089	numeric-value-carries-no-name	16
crates/slingshot-daemon/tests/selected_submission_admission.rs	5089	numeric-value-carries-no-name	8
crates/slingshot-daemon/tests/selected_submission_admission.rs	5132	numeric-value-carries-no-name	5
crates/slingshot-daemon/tests/selected_submission_admission.rs	5152	numeric-value-carries-no-name	5
crates/slingshot-daemon/tests/selected_submission_admission.rs	5176	numeric-value-carries-no-name	3
crates/slingshot-daemon/tests/selected_submission_admission.rs	5198	numeric-value-carries-no-name	5
crates/slingshot-daemon/tests/selected_submission_admission.rs	5271	numeric-value-carries-no-name	5
crates/slingshot-daemon/tests/selected_submission_admission.rs	5290	numeric-value-carries-no-name	16_777_216
crates/slingshot-daemon/tests/selected_submission_admission.rs	5321	numeric-value-carries-no-name	5
crates/slingshot-daemon/tests/selected_submission_admission.rs	5370	numeric-value-carries-no-name	5
crates/slingshot-daemon/tests/selected_submission_admission.rs	5395	numeric-value-carries-no-name	2
crates/slingshot-daemon/tests/selected_submission_admission.rs	5404	numeric-value-carries-no-name	5
crates/slingshot-daemon/tests/selected_submission_admission.rs	5595	function-branches-too-many-ways	selected_admission_orders_preflight_persistence_post_and_restart_recovery reaches 110
crates/slingshot-daemon/tests/selected_submission_admission.rs	5636	numeric-value-carries-no-name	7
crates/slingshot-daemon/tests/selected_submission_admission.rs	5648	numeric-value-carries-no-name	262144
crates/slingshot-daemon/tests/selected_submission_admission.rs	5689	numeric-value-carries-no-name	1000
crates/slingshot-daemon/tests/selected_submission_admission.rs	5810	numeric-value-carries-no-name	5
crates/slingshot-daemon/tests/selected_submission_admission.rs	5953	numeric-value-carries-no-name	16
crates/slingshot-daemon/tests/selected_submission_admission.rs	5954	numeric-value-carries-no-name	13
crates/slingshot-daemon/tests/selected_submission_admission.rs	5955	numeric-value-carries-no-name	3
crates/slingshot-daemon/tests/selected_submission_admission.rs	5956	numeric-value-carries-no-name	10
crates/slingshot-daemon/tests/selected_submission_admission.rs	5958	numeric-value-carries-no-name	6
crates/slingshot-daemon/tests/selected_submission_admission.rs	5958	numeric-value-carries-no-name	9
crates/slingshot-daemon/tests/selected_submission_admission.rs	5959	numeric-value-carries-no-name	11
crates/slingshot-daemon/tests/selected_submission_admission.rs	5959	numeric-value-carries-no-name	7
crates/slingshot-daemon/tests/selected_submission_admission.rs	5960	numeric-value-carries-no-name	12
crates/slingshot-daemon/tests/selected_submission_admission.rs	5960	numeric-value-carries-no-name	2
crates/slingshot-daemon/tests/selected_submission_admission.rs	5960	numeric-value-carries-no-name	8
crates/slingshot-daemon/tests/selected_submission_admission.rs	5964	numeric-value-carries-no-name	10
crates/slingshot-daemon/tests/selected_submission_admission.rs	5965	numeric-value-carries-no-name	11
crates/slingshot-daemon/tests/selected_submission_admission.rs	5970	numeric-value-carries-no-name	10
crates/slingshot-daemon/tests/selected_submission_admission.rs	5971	numeric-value-carries-no-name	11
crates/slingshot-daemon/tests/selected_submission_admission.rs	5974	numeric-value-carries-no-name	9
crates/slingshot-daemon/tests/selected_submission_admission.rs	5978	numeric-value-carries-no-name	6
crates/slingshot-daemon/tests/selected_submission_admission.rs	5979	numeric-value-carries-no-name	7
crates/slingshot-daemon/tests/selected_submission_admission.rs	5982	numeric-value-carries-no-name	5
crates/slingshot-daemon/tests/selected_submission_admission.rs	5984	numeric-value-carries-no-name	4
crates/slingshot-daemon/tests/selected_submission_admission.rs	5986	numeric-value-carries-no-name	3
crates/slingshot-daemon/tests/selected_submission_admission.rs	6005	numeric-value-carries-no-name	7
crates/slingshot-daemon/tests/selected_submission_admission.rs	6052	numeric-value-carries-no-name	2
crates/slingshot-daemon/tests/selected_submission_admission.rs	6111	numeric-value-carries-no-name	9
crates/slingshot-daemon/tests/selected_submission_admission.rs	6128	numeric-value-carries-no-name	1000
crates/slingshot-daemon/tests/selected_submission_admission.rs	6147	numeric-value-carries-no-name	3
crates/slingshot-daemon/tests/selected_submission_admission.rs	6147	numeric-value-carries-no-name	4
crates/slingshot-daemon/tests/selected_submission_admission.rs	6150	numeric-value-carries-no-name	39
crates/slingshot-daemon/tests/selected_submission_admission.rs	6154	numeric-value-carries-no-name	9
crates/slingshot-daemon/tests/selected_submission_admission.rs	6160	numeric-value-carries-no-name	16
crates/slingshot-daemon/tests/selected_submission_admission.rs	6161	numeric-value-carries-no-name	8
crates/slingshot-daemon/tests/selected_submission_admission.rs	6185	numeric-value-carries-no-name	2
crates/slingshot-daemon/tests/selected_submission_admission.rs	6189	numeric-value-carries-no-name	2
crates/slingshot-daemon/tests/selected_submission_admission.rs	6198	numeric-value-carries-no-name	1000
crates/slingshot-daemon/tests/selected_submission_admission.rs	6202	numeric-value-carries-no-name	3
crates/slingshot-daemon/tests/selected_submission_admission.rs	6211	numeric-value-carries-no-name	16
crates/slingshot-daemon/tests/selected_submission_admission.rs	6212	numeric-value-carries-no-name	8
crates/slingshot-daemon/tests/selected_submission_admission.rs	6226	numeric-value-carries-no-name	2
crates/slingshot-daemon/tests/selected_submission_admission.rs	6230	numeric-value-carries-no-name	3
crates/slingshot-daemon/tests/selected_submission_admission.rs	6240	numeric-value-carries-no-name	3
crates/slingshot-daemon/tests/selected_submission_admission.rs	6284	numeric-value-carries-no-name	200
crates/slingshot-daemon/tests/selected_submission_admission.rs	6286	numeric-value-carries-no-name	2
crates/slingshot-daemon/tests/selected_submission_admission.rs	6296	numeric-value-carries-no-name	1000
crates/slingshot-daemon/tests/selected_submission_admission.rs	6303	numeric-value-carries-no-name	200
crates/slingshot-daemon/tests/selected_submission_admission.rs	6323	numeric-value-carries-no-name	202
crates/slingshot-daemon/tests/selected_submission_admission.rs	6327	numeric-value-carries-no-name	3
crates/slingshot-daemon/tests/selected_submission_admission.rs	6331	numeric-value-carries-no-name	5
crates/slingshot-daemon/tests/selected_submission_admission.rs	6467	numeric-value-carries-no-name	9
crates/slingshot-daemon/tests/selected_submission_admission.rs	6494	numeric-value-carries-no-name	2
crates/slingshot-daemon/tests/selected_submission_admission.rs	6525	numeric-value-carries-no-name	5
crates/slingshot-daemon/tests/selected_submission_admission.rs	6575	numeric-value-carries-no-name	3
crates/slingshot-daemon/tests/selected_submission_admission.rs	6579	numeric-value-carries-no-name	5
crates/slingshot-daemon/tests/selected_submission_admission.rs	6590	numeric-value-carries-no-name	4
crates/slingshot-daemon/tests/selected_submission_admission.rs	6627	numeric-value-carries-no-name	5
crates/slingshot-daemon/tests/selected_submission_admission.rs	6650	numeric-value-carries-no-name	5
crates/slingshot-daemon/tests/selected_submission_admission.rs	6692	numeric-value-carries-no-name	3
crates/slingshot-daemon/tests/selected_submission_admission.rs	6694	numeric-value-carries-no-name	10
crates/slingshot-daemon/tests/selected_submission_admission.rs	6697	numeric-value-carries-no-name	120000
crates/slingshot-daemon/tests/selected_submission_admission.rs	6727	numeric-value-carries-no-name	4
crates/slingshot-daemon/tests/selected_submission_admission.rs	6734	numeric-value-carries-no-name	4001
crates/slingshot-daemon/tests/selected_submission_admission.rs	6755	numeric-value-carries-no-name	99
crates/slingshot-daemon/tests/selected_submission_admission.rs	6774	numeric-value-carries-no-name	4002
crates/slingshot-daemon/tests/selected_submission_admission.rs	6849	numeric-value-carries-no-name	6
crates/slingshot-daemon/tests/selected_submission_admission.rs	6851	numeric-value-carries-no-name	4004
crates/slingshot-daemon/tests/selected_submission_admission.rs	6863	numeric-value-carries-no-name	4005
crates/slingshot-daemon/tests/selected_submission_admission.rs	6869	numeric-value-carries-no-name	4006
crates/slingshot-daemon/tests/selected_submission_admission.rs	6869	numeric-value-carries-no-name	7
crates/slingshot-daemon/tests/selected_submission_admission.rs	6893	numeric-value-carries-no-name	4
crates/slingshot-daemon/tests/selected_submission_admission.rs	6972	numeric-value-carries-no-name	2
crates/slingshot-daemon/tests/selected_submission_admission.rs	6994	numeric-value-carries-no-name	3
crates/slingshot-daemon/tests/selected_submission_admission.rs	7002	numeric-value-carries-no-name	5
crates/slingshot-daemon/tests/selected_submission_admission.rs	7049	numeric-value-carries-no-name	5
crates/slingshot-daemon/tests/selected_submission_admission.rs	7051	numeric-value-carries-no-name	2
crates/slingshot-daemon/tests/selected_submission_admission.rs	7127	numeric-value-carries-no-name	2
crates/slingshot-daemon/tests/selected_submission_admission.rs	7136	numeric-value-carries-no-name	200
crates/slingshot-daemon/tests/selected_submission_admission.rs	7136	numeric-value-carries-no-name	410
crates/slingshot-daemon/tests/selected_submission_admission.rs	7148	numeric-value-carries-no-name	4
crates/slingshot-daemon/tests/selected_submission_admission.rs	7155	numeric-value-carries-no-name	5
crates/slingshot-daemon/tests/selected_submission_admission.rs	7371	file-is-longer-than-the-ceiling	7371 lines
crates/slingshot-development/src/release_acceptance.rs	1047	file-is-longer-than-the-ceiling	1047 lines
crates/slingshot-development/tests/concrete_author_boundaries.rs	167	numeric-value-carries-no-name	7
crates/slingshot-development/tests/concrete_author_boundaries.rs	291	numeric-value-carries-no-name	7
crates/slingshot-development/tests/concrete_author_boundaries.rs	301	numeric-value-carries-no-name	10
crates/slingshot-development/tests/concrete_author_boundaries/cloud.rs	34	numeric-value-carries-no-name	100
crates/slingshot-development/tests/concrete_author_boundaries/cloud.rs	125	declared-name-is-not-spelled-in-full	s
crates/slingshot-development/tests/concrete_author_boundaries/cloud.rs	174	declared-name-is-not-spelled-in-full	config
crates/slingshot-development/tests/concrete_author_boundaries/cloud.rs	227	numeric-value-carries-no-name	7
crates/slingshot-development/tests/concrete_author_boundaries/cloud.rs	238	function-branches-too-many-ways	owned_cloud_discovery_refresh_and_refusals_use_only_the_selected_tls_peers reaches 12
crates/slingshot-development/tests/concrete_author_boundaries/cloud.rs	276	numeric-value-carries-no-name	2
crates/slingshot-development/tests/concrete_author_boundaries/cloud.rs	276	numeric-value-carries-no-name	401
crates/slingshot-development/tests/concrete_author_boundaries/cloud.rs	315	numeric-value-carries-no-name	200
crates/slingshot-development/tests/concrete_author_boundaries/cloud.rs	334	numeric-value-carries-no-name	302
crates/slingshot-development/tests/concrete_author_boundaries/cloud.rs	341	numeric-value-carries-no-name	2
crates/slingshot-development/tests/concrete_author_boundaries/cloud.rs	341	numeric-value-carries-no-name	200
crates/slingshot-development/tests/concrete_author_boundaries/cloud.rs	390	numeric-value-carries-no-name	7
crates/slingshot-development/tests/concrete_author_boundaries/cloud.rs	399	numeric-value-carries-no-name	10
crates/slingshot-development/tests/concrete_author_boundaries/cloud.rs	443	numeric-value-carries-no-name	10
crates/slingshot-development/tests/concrete_author_boundaries/cloud.rs	454	numeric-value-carries-no-name	10
crates/slingshot-development/tests/concrete_author_boundaries/cloud.rs	547	numeric-value-carries-no-name	3
crates/slingshot-development/tests/concrete_author_boundaries/cloud.rs	555	numeric-value-carries-no-name	7
crates/slingshot-development/tests/concrete_author_boundaries/cloud.rs	601	numeric-value-carries-no-name	200
crates/slingshot-development/tests/concrete_author_boundaries/cloud.rs	615	numeric-value-carries-no-name	200
crates/slingshot-development/tests/concrete_author_boundaries/cloud.rs	619	numeric-value-carries-no-name	10
crates/slingshot-development/tests/concrete_author_boundaries/cloud.rs	747	numeric-value-carries-no-name	200
crates/slingshot-development/tests/concrete_author_boundaries/cloud.rs	755	numeric-value-carries-no-name	2
crates/slingshot-development/tests/concrete_author_boundaries/cloud.rs	765	numeric-value-carries-no-name	200
crates/slingshot-development/tests/concrete_author_boundaries/cloud.rs	769	numeric-value-carries-no-name	2
crates/slingshot-development/tests/concrete_author_boundaries/cloud.rs	778	numeric-value-carries-no-name	200
crates/slingshot-development/tests/concrete_author_boundaries/cloud.rs	785	numeric-value-carries-no-name	2
crates/slingshot-development/tests/concrete_author_boundaries/cloud.rs	790	numeric-value-carries-no-name	7
crates/slingshot-development/tests/concrete_author_boundaries/cloud.rs	806	numeric-value-carries-no-name	2
crates/slingshot-development/tests/concrete_author_boundaries/cloud.rs	811	numeric-value-carries-no-name	7
crates/slingshot-development/tests/concrete_author_boundaries/cloud.rs	823	numeric-value-carries-no-name	10
crates/slingshot-development/tests/product_documentation.rs	209	numeric-value-carries-no-name	2
crates/slingshot-development/tests/release_notes.rs	18	numeric-value-carries-no-name	0o755
crates/slingshot-development/tests/release_publisher.rs	17	numeric-value-carries-no-name	0o755
crates/slingshot-domain/src/command/canonical_json_reader.rs	110	function-branches-too-many-ways	value reaches 13
crates/slingshot-domain/src/command/inspect_replication_queue.rs	57	fallible-interface-omits-its-failure-section	require_answers
crates/slingshot-domain/src/command/list_asset_renditions.rs	87	fallible-interface-omits-its-failure-section	require_answers
crates/slingshot-domain/src/command/load_content_as_javascript_object_notation.rs	745	fallible-interface-omits-its-failure-section	decode_for_request
crates/slingshot-domain/src/command/load_content_as_javascript_object_notation.rs	763	fallible-interface-omits-its-failure-section	require_answers
crates/slingshot-domain/src/command/load_content_as_javascript_object_notation.rs	763	function-branches-too-many-ways	require_answers reaches 12
crates/slingshot-domain/src/command/load_content_as_javascript_object_notation.rs	1102	file-is-longer-than-the-ceiling	1102 lines
crates/slingshot-domain/src/command/replicate_content.rs	251	fallible-interface-omits-its-failure-section	require_answers
crates/slingshot-domain/tests/canonical_json_reader.rs	5	declared-name-is-not-spelled-in-full	a
crates/slingshot-domain/tests/canonical_json_reader.rs	6	declared-name-is-not-spelled-in-full	a
crates/slingshot-domain/tests/canonical_json_reader.rs	20	numeric-value-carries-no-name	32
crates/slingshot-domain/tests/canonical_json_reader.rs	20	numeric-value-carries-no-name	4096
crates/slingshot-domain/tests/canonical_json_reader.rs	20	numeric-value-carries-no-name	512
crates/slingshot-domain/tests/canonical_json_reader.rs	61	numeric-value-carries-no-name	3
crates/slingshot-domain/tests/canonical_json_reader.rs	61	numeric-value-carries-no-name	5
crates/slingshot-domain/tests/canonical_json_reader.rs	92	numeric-value-carries-no-name	1_999_999
crates/slingshot-domain/tests/canonical_json_reader.rs	101	numeric-value-carries-no-name	100
crates/slingshot-domain/tests/canonical_json_reader.rs	101	numeric-value-carries-no-name	4
crates/slingshot-domain/tests/create_page.rs	37	numeric-value-carries-no-name	2
crates/slingshot-domain/tests/loaded_document_reader.rs	33	function-branches-too-many-ways	structure_and_scalar_refusals_are_closed_and_request_bound reaches 11
crates/slingshot-domain/tests/loaded_document_reader.rs	35	numeric-value-carries-no-name	9
crates/slingshot-domain/tests/loaded_document_reader.rs	45	numeric-value-carries-no-name	2
crates/slingshot-domain/tests/loaded_document_reader.rs	46	numeric-value-carries-no-name	2
crates/slingshot-domain/tests/loaded_document_reader.rs	46	numeric-value-carries-no-name	3
crates/slingshot-domain/tests/loaded_document_reader.rs	47	numeric-value-carries-no-name	4
crates/slingshot-domain/tests/loaded_document_reader.rs	51	numeric-value-carries-no-name	5
crates/slingshot-domain/tests/loaded_document_reader.rs	52	numeric-value-carries-no-name	6
crates/slingshot-domain/tests/loaded_document_reader.rs	53	numeric-value-carries-no-name	7
crates/slingshot-domain/tests/loaded_document_reader.rs	56	numeric-value-carries-no-name	8
crates/slingshot-local-protocol/src/operation_decode.rs	65	declared-name-is-not-spelled-in-full	D
crates/slingshot-local-protocol/src/operation_decode.rs	79	declared-name-is-not-spelled-in-full	E
crates/slingshot-local-protocol/src/operation_decode.rs	82	declared-name-is-not-spelled-in-full	E
crates/slingshot-local-protocol/src/operation_decode.rs	85	declared-name-is-not-spelled-in-full	E
crates/slingshot-local-protocol/src/operation_decode.rs	88	declared-name-is-not-spelled-in-full	E
crates/slingshot-local-protocol/src/operation_decode.rs	91	declared-name-is-not-spelled-in-full	E
crates/slingshot-local-protocol/src/operation_decode.rs	91	declared-name-is-not-spelled-in-full	visit_str
crates/slingshot-local-protocol/src/operation_decode.rs	94	declared-name-is-not-spelled-in-full	E
crates/slingshot-local-protocol/src/operation_decode.rs	98	declared-name-is-not-spelled-in-full	A
crates/slingshot-local-protocol/src/operation_decode.rs	103	declared-name-is-not-spelled-in-full	A
crates/slingshot-local-protocol/src/operation_decode.rs	164	numeric-value-carries-no-name	2
crates/slingshot-storage/migrations/0011-artifact-acquisition-anchor.sql	1	source-is-not-parseable	sql parser error: Expected: ), found: NOT at Line: 17, Column: 46
crates/slingshot-storage/src/agent_job_repository.rs	134	function-branches-too-many-ways	write_terminal_snapshot reaches 20
crates/slingshot-storage/src/agent_job_repository.rs	166	numeric-value-carries-no-name	2
crates/slingshot-storage/src/agent_job_repository.rs	430	declared-name-is-not-spelled-in-full	fmt
crates/slingshot-storage/src/agent_job_repository.rs	544	fallible-interface-omits-its-failure-section	read_for_local_operation
crates/slingshot-storage/src/agent_job_repository.rs	648	fallible-interface-omits-its-failure-section	acknowledge
crates/slingshot-storage/src/agent_job_repository.rs	667	fallible-interface-omits-its-failure-section	reconcile_active_snapshot
crates/slingshot-storage/src/agent_job_repository.rs	688	fallible-interface-omits-its-failure-section	reconcile_active_snapshot_for_operation
crates/slingshot-storage/src/agent_job_repository.rs	971	function-branches-too-many-ways	associate_snapshot_within reaches 34
crates/slingshot-storage/src/agent_job_repository.rs	987	numeric-value-carries-no-name	2
crates/slingshot-storage/src/agent_job_repository.rs	1209	file-is-longer-than-the-ceiling	1209 lines
crates/slingshot-storage/src/artifact_store.rs	636	declared-name-is-not-spelled-in-full	fmt
crates/slingshot-storage/src/artifact_store.rs	644	fallible-interface-omits-its-failure-section	write_chunk
crates/slingshot-storage/src/artifact_store.rs	663	fallible-interface-omits-its-failure-section	finish
crates/slingshot-storage/src/artifact_store.rs	714	declared-name-is-not-spelled-in-full	fmt
crates/slingshot-storage/src/artifact_store.rs	728	fallible-interface-omits-its-failure-section	open_verified
crates/slingshot-storage/src/artifact_store.rs	742	fallible-interface-omits-its-failure-section	publish
crates/slingshot-storage/src/artifact_store.rs	768	fallible-interface-omits-its-failure-section	recover_abandoned_stages
crates/slingshot-storage/src/artifact_store.rs	895	fallible-interface-omits-its-failure-section	stage_verified
crates/slingshot-storage/src/artifact_store.rs	909	fallible-interface-omits-its-failure-section	begin_verified
crates/slingshot-storage/src/artifact_store.rs	1451	file-is-longer-than-the-ceiling	1451 lines
crates/slingshot-storage/src/artifact_store/maintenance_content.rs	34	declared-name-is-not-spelled-in-full	fmt
crates/slingshot-storage/src/artifact_store/maintenance_content.rs	164	numeric-value-carries-no-name	2
crates/slingshot-storage/src/artifact_store/maintenance_content.rs	165	numeric-value-carries-no-name	2
crates/slingshot-storage/src/artifact_store/maintenance_content.rs	201	numeric-value-carries-no-name	2
crates/slingshot-storage/src/artifact_store/maintenance_content.rs	202	numeric-value-carries-no-name	2
crates/slingshot-storage/src/database.rs	633	suppression-marker-silences-a-rule	#[allow(
crates/slingshot-storage/src/database.rs	641	unchecked-block	unsafe
crates/slingshot-storage/src/database.rs	649	unchecked-block	unsafe
crates/slingshot-storage/src/database.rs	657	unchecked-block	unsafe
crates/slingshot-storage/src/database.rs	771	suppression-marker-silences-a-rule	#[allow(
crates/slingshot-storage/src/database.rs	776	unchecked-block	unsafe
crates/slingshot-storage/src/installation_state.rs	79	declared-name-is-not-spelled-in-full	fmt
crates/slingshot-storage/src/installation_state.rs	86	fallible-interface-omits-its-failure-section	read
crates/slingshot-storage/src/installation_state.rs	91	fallible-interface-omits-its-failure-section	replace
crates/slingshot-storage/src/installation_state.rs	110	fallible-interface-omits-its-failure-section	transaction
crates/slingshot-storage/src/installation_state.rs	252	numeric-value-carries-no-name	0o600
crates/slingshot-storage/src/installation_state.rs	334	numeric-value-carries-no-name	0o400
crates/slingshot-storage/src/installation_state.rs	334	numeric-value-carries-no-name	0o400_000
crates/slingshot-storage/src/maintenance.rs	387	function-branches-too-many-ways	remove_and_record reaches 13
crates/slingshot-storage/src/maintenance.rs	549	numeric-value-carries-no-name	2
crates/slingshot-storage/src/maintenance.rs	554	numeric-value-carries-no-name	2
crates/slingshot-storage/src/maintenance.rs	572	fallible-interface-omits-its-failure-section	recover_pending_cleanup
crates/slingshot-storage/src/maintenance.rs	601	fallible-interface-omits-its-failure-section	complete_cleanup_with_store
crates/slingshot-storage/src/maintenance/recovery_tests.rs	39	numeric-value-carries-no-name	0o600
crates/slingshot-storage/src/maintenance/recovery_tests.rs	50	numeric-value-carries-no-name	4096
crates/slingshot-storage/src/maintenance/recovery_tests.rs	51	numeric-value-carries-no-name	262144
crates/slingshot-storage/src/maintenance/recovery_tests.rs	52	numeric-value-carries-no-name	5000
crates/slingshot-storage/src/maintenance/recovery_tests.rs	57	numeric-value-carries-no-name	64
crates/slingshot-storage/src/maintenance/recovery_tests.rs	58	numeric-value-carries-no-name	64
crates/slingshot-storage/src/maintenance/recovery_tests.rs	131	numeric-value-carries-no-name	4096
crates/slingshot-storage/src/maintenance/recovery_tests.rs	132	numeric-value-carries-no-name	262144
crates/slingshot-storage/src/maintenance/recovery_tests.rs	133	numeric-value-carries-no-name	5000
crates/slingshot-storage/src/maintenance/recovery_tests.rs	137	numeric-value-carries-no-name	64
crates/slingshot-storage/src/maintenance_results.rs	18	fallible-interface-omits-its-failure-section	result_identifiers_for_receipt
crates/slingshot-storage/src/maintenance_results.rs	111	numeric-value-carries-no-name	2
crates/slingshot-storage/src/maintenance_results.rs	112	numeric-value-carries-no-name	3
crates/slingshot-storage/src/maintenance_results.rs	113	numeric-value-carries-no-name	4
crates/slingshot-storage/src/maintenance_results.rs	114	numeric-value-carries-no-name	5
crates/slingshot-storage/src/maintenance_results.rs	115	numeric-value-carries-no-name	6
crates/slingshot-storage/src/maintenance_results.rs	116	numeric-value-carries-no-name	7
crates/slingshot-storage/src/maintenance_results.rs	117	numeric-value-carries-no-name	8
crates/slingshot-storage/src/maintenance_results.rs	118	numeric-value-carries-no-name	9
crates/slingshot-storage/src/maintenance_results.rs	127	numeric-value-carries-no-name	2
crates/slingshot-storage/src/maintenance_results.rs	137	function-branches-too-many-ways	validate reaches 12
crates/slingshot-storage/src/maintenance_results.rs	187	numeric-value-carries-no-name	2
crates/slingshot-storage/src/maintenance_results.rs	188	numeric-value-carries-no-name	2
crates/slingshot-storage/src/maintenance_results.rs	192	numeric-value-carries-no-name	2
crates/slingshot-storage/src/maintenance_results.rs	194	numeric-value-carries-no-name	2
crates/slingshot-storage/src/maintenance_results.rs	201	numeric-value-carries-no-name	0xaa
crates/slingshot-storage/src/maintenance_results.rs	203	numeric-value-carries-no-name	0xcc
crates/slingshot-storage/src/maintenance_results.rs	204	numeric-value-carries-no-name	0xbb
crates/slingshot-storage/src/maintenance_results.rs	210	numeric-value-carries-no-name	0xaa
crates/slingshot-storage/src/maintenance_results.rs	230	numeric-value-carries-no-name	0xaa
crates/slingshot-storage/src/maintenance_results.rs	231	declared-name-is-not-spelled-in-full	id
crates/slingshot-storage/src/maintenance_results.rs	281	declared-name-is-not-spelled-in-full	id
crates/slingshot-storage/src/maintenance_results/cleanup.rs	110	numeric-value-carries-no-name	2
crates/slingshot-storage/src/maintenance_results/cleanup.rs	111	numeric-value-carries-no-name	2
crates/slingshot-storage/src/maintenance_results/cleanup.rs	112	numeric-value-carries-no-name	2
crates/slingshot-storage/src/maintenance_results/cleanup.rs	113	numeric-value-carries-no-name	2
crates/slingshot-storage/src/maintenance_results/cleanup.rs	125	numeric-value-carries-no-name	2
crates/slingshot-storage/src/maintenance_results/cleanup.rs	126	numeric-value-carries-no-name	2
crates/slingshot-storage/src/maintenance_results/cleanup.rs	138	numeric-value-carries-no-name	0o600
crates/slingshot-storage/src/maintenance_results/write.rs	334	numeric-value-carries-no-name	2
crates/slingshot-storage/src/maintenance_results/write.rs	335	numeric-value-carries-no-name	2
crates/slingshot-storage/src/maintenance_results/write.rs	345	numeric-value-carries-no-name	2
crates/slingshot-storage/src/maintenance_results/write.rs	346	numeric-value-carries-no-name	3
crates/slingshot-storage/src/maintenance_results/write.rs	347	numeric-value-carries-no-name	2
crates/slingshot-storage/src/maintenance_results/write.rs	349	numeric-value-carries-no-name	2
crates/slingshot-storage/src/maintenance_results/write.rs	380	numeric-value-carries-no-name	2
crates/slingshot-storage/src/maintenance_results/write.rs	390	numeric-value-carries-no-name	2
crates/slingshot-storage/src/maintenance_results/write.rs	444	numeric-value-carries-no-name	5
crates/slingshot-storage/src/maintenance_results/write.rs	446	numeric-value-carries-no-name	2
crates/slingshot-storage/src/maintenance_results/write.rs	474	numeric-value-carries-no-name	2
crates/slingshot-storage/src/maintenance_results/write.rs	475	numeric-value-carries-no-name	2
crates/slingshot-storage/src/maintenance_results/write.rs	476	numeric-value-carries-no-name	2
crates/slingshot-storage/src/maintenance_results/write.rs	477	numeric-value-carries-no-name	2
crates/slingshot-storage/src/maintenance_results/write.rs	495	numeric-value-carries-no-name	2
crates/slingshot-storage/src/maintenance_results/write.rs	509	numeric-value-carries-no-name	2
crates/slingshot-storage/src/maintenance_results/write.rs	522	numeric-value-carries-no-name	2
crates/slingshot-storage/src/maintenance_results/write.rs	529	numeric-value-carries-no-name	2
crates/slingshot-storage/src/maintenance_results/write.rs	532	numeric-value-carries-no-name	2
crates/slingshot-storage/src/operation_repository.rs	671	function-branches-too-many-ways	mutate reaches 11
crates/slingshot-storage/src/persistent_capacity.rs	71	numeric-value-carries-no-name	4096
crates/slingshot-storage/src/persistent_capacity.rs	72	numeric-value-carries-no-name	262144
crates/slingshot-storage/src/persistent_capacity.rs	73	numeric-value-carries-no-name	5000
crates/slingshot-storage/src/persistent_capacity.rs	76	numeric-value-carries-no-name	64
crates/slingshot-storage/src/persistent_capacity.rs	84	numeric-value-carries-no-name	257
crates/slingshot-storage/src/persistent_capacity.rs	137	declared-name-is-not-spelled-in-full	fmt
crates/slingshot-storage/src/persistent_capacity.rs	182	declared-name-is-not-spelled-in-full	a
crates/slingshot-storage/src/persistent_capacity.rs	183	declared-name-is-not-spelled-in-full	a
crates/slingshot-storage/src/persistent_capacity.rs	184	declared-name-is-not-spelled-in-full	a
crates/slingshot-storage/src/persistent_capacity.rs	186	declared-name-is-not-spelled-in-full	a
crates/slingshot-storage/src/persistent_capacity.rs	219	numeric-value-carries-no-name	2
crates/slingshot-storage/src/persistent_capacity.rs	220	numeric-value-carries-no-name	2
crates/slingshot-storage/src/persistent_capacity.rs	221	numeric-value-carries-no-name	2
crates/slingshot-storage/src/persistent_capacity.rs	249	numeric-value-carries-no-name	2
crates/slingshot-storage/src/persistent_capacity.rs	265	numeric-value-carries-no-name	2
crates/slingshot-storage/src/persistent_capacity.rs	266	numeric-value-carries-no-name	3
crates/slingshot-storage/src/persistent_capacity.rs	267	numeric-value-carries-no-name	4
crates/slingshot-storage/src/persistent_capacity.rs	268	numeric-value-carries-no-name	5
crates/slingshot-storage/src/persistent_capacity.rs	269	numeric-value-carries-no-name	6
crates/slingshot-storage/src/persistent_capacity.rs	318	numeric-value-carries-no-name	2
crates/slingshot-storage/src/persistent_capacity.rs	355	declared-name-is-not-spelled-in-full	fmt
crates/slingshot-storage/src/persistent_capacity.rs	377	declared-name-is-not-spelled-in-full	fmt
crates/slingshot-storage/src/persistent_capacity.rs	612	fallible-interface-omits-its-failure-section	retain_staged_publication
crates/slingshot-storage/src/persistent_capacity.rs	658	function-branches-too-many-ways	retain_publication reaches 12
crates/slingshot-storage/src/persistent_capacity.rs	679	numeric-value-carries-no-name	2
crates/slingshot-storage/src/persistent_capacity.rs	764	fallible-interface-omits-its-failure-section	pending_publications
crates/slingshot-storage/src/persistent_capacity.rs	771	fallible-interface-omits-its-failure-section	reconstruct_publications
crates/slingshot-storage/src/persistent_capacity.rs	779	numeric-value-carries-no-name	2
crates/slingshot-storage/src/persistent_capacity.rs	796	numeric-value-carries-no-name	2
crates/slingshot-storage/src/persistent_capacity.rs	797	numeric-value-carries-no-name	3
crates/slingshot-storage/src/persistent_capacity.rs	798	numeric-value-carries-no-name	4
crates/slingshot-storage/src/persistent_capacity.rs	823	numeric-value-carries-no-name	256
crates/slingshot-storage/src/persistent_capacity.rs	836	fallible-interface-omits-its-failure-section	recover_publication
crates/slingshot-storage/src/persistent_capacity.rs	857	numeric-value-carries-no-name	2
crates/slingshot-storage/src/persistent_capacity/maintenance_recovery.rs	180	fallible-interface-omits-its-failure-section	reconstruct_target_publications
crates/slingshot-storage/src/persistent_capacity/maintenance_recovery.rs	229	numeric-value-carries-no-name	2
crates/slingshot-storage/src/persistent_capacity/maintenance_recovery.rs	230	numeric-value-carries-no-name	3
crates/slingshot-storage/src/persistent_capacity/maintenance_recovery.rs	231	numeric-value-carries-no-name	4
crates/slingshot-storage/src/persistent_capacity/maintenance_recovery.rs	232	numeric-value-carries-no-name	5
crates/slingshot-storage/src/persistent_capacity/maintenance_recovery.rs	233	numeric-value-carries-no-name	6
crates/slingshot-storage/src/persistent_capacity/maintenance_recovery.rs	297	numeric-value-carries-no-name	2
crates/slingshot-storage/src/persistent_capacity/maintenance_recovery.rs	312	function-branches-too-many-ways	restart_reconciles_each_publication_boundary_and_retries_cleanup_failure reaches 14
crates/slingshot-storage/src/persistent_capacity/maintenance_recovery.rs	332	numeric-value-carries-no-name	2
crates/slingshot-storage/src/persistent_capacity/maintenance_recovery.rs	333	numeric-value-carries-no-name	2
crates/slingshot-storage/src/persistent_capacity/maintenance_recovery.rs	336	numeric-value-carries-no-name	2
crates/slingshot-storage/src/persistent_capacity/maintenance_recovery.rs	355	numeric-value-carries-no-name	2
crates/slingshot-storage/src/persistent_capacity/maintenance_recovery.rs	360	numeric-value-carries-no-name	2
crates/slingshot-storage/src/persistent_capacity/maintenance_recovery.rs	367	numeric-value-carries-no-name	2
crates/slingshot-storage/src/persistent_capacity/maintenance_recovery.rs	440	numeric-value-carries-no-name	2
crates/slingshot-storage/src/persistent_capacity/maintenance_recovery.rs	443	numeric-value-carries-no-name	2
crates/slingshot-storage/src/persistent_capacity/maintenance_recovery.rs	445	numeric-value-carries-no-name	2
crates/slingshot-storage/src/persistent_capacity/maintenance_recovery.rs	460	numeric-value-carries-no-name	3
crates/slingshot-storage/src/persistent_capacity/maintenance_recovery.rs	467	numeric-value-carries-no-name	4
crates/slingshot-storage/src/persistent_capacity/maintenance_recovery.rs	513	numeric-value-carries-no-name	2
crates/slingshot-storage/src/persistent_capacity/maintenance_recovery.rs	514	numeric-value-carries-no-name	2
crates/slingshot-storage/src/persistent_capacity/maintenance_recovery.rs	515	numeric-value-carries-no-name	2
crates/slingshot-storage/src/persistent_capacity/maintenance_recovery.rs	525	numeric-value-carries-no-name	2
crates/slingshot-storage/tests/artifact_stage_recovery.rs	19	numeric-value-carries-no-name	4096
crates/slingshot-storage/tests/artifact_stage_recovery.rs	20	numeric-value-carries-no-name	262144
crates/slingshot-storage/tests/artifact_stage_recovery.rs	21	numeric-value-carries-no-name	5000
crates/slingshot-storage/tests/artifact_stage_recovery.rs	32	numeric-value-carries-no-name	64
crates/slingshot-storage/tests/artifact_stage_recovery.rs	73	numeric-value-carries-no-name	2
crates/slingshot-storage/tests/artifact_stage_recovery.rs	88	numeric-value-carries-no-name	4096
crates/slingshot-storage/tests/artifact_stage_recovery.rs	89	numeric-value-carries-no-name	262144
crates/slingshot-storage/tests/artifact_stage_recovery.rs	90	numeric-value-carries-no-name	5000
crates/slingshot-storage/tests/artifact_stage_recovery.rs	117	numeric-value-carries-no-name	0o600
crates/slingshot-storage/tests/artifact_store/installation.rs	21	numeric-value-carries-no-name	3
crates/slingshot-storage/tests/artifact_store/installation.rs	27	numeric-value-carries-no-name	3
crates/slingshot-storage/tests/artifact_store/installation.rs	34	numeric-value-carries-no-name	3
crates/slingshot-storage/tests/artifact_store/installation.rs	39	numeric-value-carries-no-name	3
crates/slingshot-storage/tests/artifact_store/installation.rs	40	numeric-value-carries-no-name	3
crates/slingshot-storage/tests/artifact_store/installation.rs	57	numeric-value-carries-no-name	3
crates/slingshot-storage/tests/artifact_store/installation.rs	66	numeric-value-carries-no-name	3
crates/slingshot-storage/tests/artifact_store/installation.rs	73	numeric-value-carries-no-name	3
crates/slingshot-storage/tests/artifact_store/installation.rs	85	numeric-value-carries-no-name	3
crates/slingshot-storage/tests/artifact_store/installation.rs	87	numeric-value-carries-no-name	2
crates/slingshot-storage/tests/artifact_store/installation.rs	92	numeric-value-carries-no-name	4
crates/slingshot-storage/tests/artifact_store/installation.rs	115	numeric-value-carries-no-name	3
crates/slingshot-storage/tests/artifact_store/installation.rs	129	numeric-value-carries-no-name	3
crates/slingshot-storage/tests/artifact_store/installation.rs	134	numeric-value-carries-no-name	3
crates/slingshot-storage/tests/artifact_store/installation.rs	162	numeric-value-carries-no-name	3
crates/slingshot-storage/tests/database_installation_identity.rs	7	numeric-value-carries-no-name	262_144
crates/slingshot-storage/tests/database_installation_identity.rs	7	numeric-value-carries-no-name	4096
crates/slingshot-storage/tests/database_installation_identity.rs	7	numeric-value-carries-no-name	5000
crates/slingshot-storage/tests/database_installation_identity.rs	13	numeric-value-carries-no-name	64
crates/slingshot-storage/tests/database_installation_identity.rs	14	numeric-value-carries-no-name	64
crates/slingshot-storage/tests/database_installation_identity.rs	16	numeric-value-carries-no-name	123
crates/slingshot-storage/tests/database_installation_identity.rs	27	numeric-value-carries-no-name	64
crates/slingshot-storage/tests/database_installation_identity.rs	30	numeric-value-carries-no-name	123
crates/slingshot-storage/tests/database_installation_identity.rs	48	numeric-value-carries-no-name	64
crates/slingshot-storage/tests/database_installation_identity.rs	49	numeric-value-carries-no-name	64
crates/slingshot-storage/tests/database_installation_identity.rs	62	numeric-value-carries-no-name	123
crates/slingshot-storage/tests/installation_state.rs	43	numeric-value-carries-no-name	64
crates/slingshot-storage/tests/installation_state.rs	69	numeric-value-carries-no-name	64
crates/slingshot-storage/tests/installation_state.rs	71	numeric-value-carries-no-name	8
crates/slingshot-storage/tests/installation_state.rs	73	numeric-value-carries-no-name	8
crates/slingshot-storage/tests/installation_state.rs	88	numeric-value-carries-no-name	8
crates/slingshot-storage/tests/installation_state.rs	103	numeric-value-carries-no-name	64
crates/slingshot-storage/tests/migrations.rs	279	numeric-value-carries-no-name	11
crates/slingshot-storage/tests/migrations.rs	281	numeric-value-carries-no-name	64
crates/slingshot-storage/tests/migrations.rs	282	numeric-value-carries-no-name	64
crates/slingshot-storage/tests/migrations.rs	283	declared-name-is-not-spelled-in-full	id
crates/slingshot-storage/tests/operation_repository/listing.rs	33	numeric-value-carries-no-name	2
crates/slingshot-storage/tests/operation_repository/listing.rs	51	numeric-value-carries-no-name	3
crates/slingshot-storage/tests/operation_repository/recovery.rs	525	numeric-value-carries-no-name	100
crates/slingshot-storage/tests/pending_admission.rs	30	numeric-value-carries-no-name	2
crates/slingshot-storage/tests/pending_admission.rs	31	numeric-value-carries-no-name	2
crates/slingshot-storage/tests/pending_admission.rs	50	numeric-value-carries-no-name	2
crates/slingshot-storage/tests/pending_admission.rs	78	numeric-value-carries-no-name	2
crates/slingshot-storage/tests/pending_admission.rs	98	numeric-value-carries-no-name	5
crates/slingshot-storage/tests/pending_admission.rs	119	numeric-value-carries-no-name	3
crates/slingshot-storage/tests/pending_admission.rs	130	numeric-value-carries-no-name	3
crates/slingshot-storage/tests/pending_admission.rs	147	numeric-value-carries-no-name	2
crates/slingshot-storage/tests/persistent_capacity/accounting.rs	70	numeric-value-carries-no-name	32
crates/slingshot-storage/tests/persistent_capacity/accounting.rs	78	numeric-value-carries-no-name	3
crates/slingshot-storage/tests/persistent_capacity/accounting.rs	79	numeric-value-carries-no-name	3
crates/slingshot-storage/tests/persistent_capacity/accounting.rs	86	numeric-value-carries-no-name	3
crates/slingshot-storage/tests/persistent_capacity/accounting.rs	93	numeric-value-carries-no-name	64
crates/slingshot-storage/tests/persistent_capacity/accounting.rs	113	numeric-value-carries-no-name	2
crates/slingshot-storage/tests/persistent_capacity/accounting.rs	114	numeric-value-carries-no-name	3
crates/slingshot-storage/tests/persistent_capacity/accounting.rs	116	numeric-value-carries-no-name	3
crates/slingshot-storage/tests/persistent_capacity/accounting.rs	119	numeric-value-carries-no-name	3
crates/slingshot-test-support/src/fake_author/server.rs	227	fallible-interface-omits-its-failure-section	serve_loopback
crates/slingshot-test-support/tests/fake_author.rs	217	numeric-value-carries-no-name	5
crates/slingshot-test-support/tests/fake_author.rs	227	numeric-value-carries-no-name	5
scripts/capture_release_gates	81	numeric-value-carries-no-name	2
scripts/capture_release_gates	92	numeric-value-carries-no-name	2
scripts/capture_release_gates	103	function-branches-too-many-ways	run_preflight reaches 25
scripts/capture_release_gates	115	numeric-value-carries-no-name	60
scripts/capture_release_gates	191	numeric-value-carries-no-name	2
scripts/capture_release_gates	193	numeric-value-carries-no-name	2
scripts/platform_quality	26	numeric-value-carries-no-name	60
